{
"meta":{"test_sets":[],"test_metrics":[],"learn_metrics":[{"best_value":"Min","name":"Logloss"}],"launch_mode":"Train","parameters":"","iteration_count":1000,"learn_sets":["learn"],"name":"experiment"},
"iterations":[
{"learn":[0.6842694738],"iteration":0,"passed_time":0.1778307208,"remaining_time":177.6528901},
{"learn":[0.6762973468],"iteration":1,"passed_time":0.1912867438,"remaining_time":95.45208518},
{"learn":[0.6685539967],"iteration":2,"passed_time":0.2029907855,"remaining_time":67.46060438},
{"learn":[0.6615718202],"iteration":3,"passed_time":0.2126640004,"remaining_time":52.95333609},
{"learn":[0.6549051586],"iteration":4,"passed_time":0.2225959259,"remaining_time":44.29658926},
{"learn":[0.6491038264],"iteration":5,"passed_time":0.2324761024,"remaining_time":38.51354097},
{"learn":[0.6431513527],"iteration":6,"passed_time":0.2439434678,"remaining_time":34.60512337},
{"learn":[0.6380917006],"iteration":7,"passed_time":0.2570781323,"remaining_time":31.8776884},
{"learn":[0.6329710787],"iteration":8,"passed_time":0.2741960233,"remaining_time":30.19202879},
{"learn":[0.6282963429],"iteration":9,"passed_time":0.2967623897,"remaining_time":29.37947658},
{"learn":[0.6237322625],"iteration":10,"passed_time":0.3176111027,"remaining_time":28.55612551},
{"learn":[0.6202524845],"iteration":11,"passed_time":0.3340820662,"remaining_time":27.50609012},
{"learn":[0.6165283357],"iteration":12,"passed_time":0.3559650217,"remaining_time":27.02595973},
{"learn":[0.6131973115],"iteration":13,"passed_time":0.3707055099,"remaining_time":26.10825948},
{"learn":[0.6100126136],"iteration":14,"passed_time":0.3861837737,"remaining_time":25.35940114},
{"learn":[0.6067123704],"iteration":15,"passed_time":0.4007112447,"remaining_time":24.64374155},
{"learn":[0.6039499536],"iteration":16,"passed_time":0.4140044385,"remaining_time":23.93919782},
{"learn":[0.6011917434],"iteration":17,"passed_time":0.4232498218,"remaining_time":23.09062917},
{"learn":[0.5986499081],"iteration":18,"passed_time":0.4333596046,"remaining_time":22.37504064},
{"learn":[0.5967500943],"iteration":19,"passed_time":0.4398926845,"remaining_time":21.55474154},
{"learn":[0.5950567446],"iteration":20,"passed_time":0.4487137367,"remaining_time":20.91860706},
{"learn":[0.5932468002],"iteration":21,"passed_time":0.4576031606,"remaining_time":20.3425405},
{"learn":[0.5914042248],"iteration":22,"passed_time":0.4655149661,"remaining_time":19.77426617},
{"learn":[0.5895907943],"iteration":23,"passed_time":0.4789397663,"remaining_time":19.47688383},
{"learn":[0.587803817],"iteration":24,"passed_time":0.4875510207,"remaining_time":19.01448981},
{"learn":[0.5862968692],"iteration":25,"passed_time":0.501131147,"remaining_time":18.77314374},
{"learn":[0.584934574],"iteration":26,"passed_time":0.516556889,"remaining_time":18.61517974},
{"learn":[0.5838828033],"iteration":27,"passed_time":0.5286949752,"remaining_time":18.35326843},
{"learn":[0.5828584058],"iteration":28,"passed_time":0.5413220505,"remaining_time":18.12495555},
{"learn":[0.5815353897],"iteration":29,"passed_time":0.5528648897,"remaining_time":17.87596477},
{"learn":[0.5804067956],"iteration":30,"passed_time":0.5648608983,"remaining_time":17.6564584},
{"learn":[0.5792575192],"iteration":31,"passed_time":0.57857746,"remaining_time":17.50196816},
{"learn":[0.5781590525],"iteration":32,"passed_time":0.5916090144,"remaining_time":17.33593688},
{"learn":[0.5771369882],"iteration":33,"passed_time":0.6046592203,"remaining_time":17.1794355},
{"learn":[0.5762539353],"iteration":34,"passed_time":0.6202041292,"remaining_time":17.09991385},
{"learn":[0.575269002],"iteration":35,"passed_time":0.6318755415,"remaining_time":16.92022283},
{"learn":[0.5743861592],"iteration":36,"passed_time":0.6504237168,"remaining_time":16.92859566},
{"learn":[0.5736639003],"iteration":37,"passed_time":0.661427337,"remaining_time":16.74455521},
{"learn":[0.5729919101],"iteration":38,"passed_time":0.6724055508,"remaining_time":16.56876242},
{"learn":[0.5723229979],"iteration":39,"passed_time":0.6874300245,"remaining_time":16.49832059},
{"learn":[0.5715779395],"iteration":40,"passed_time":0.7000049092,"remaining_time":16.37328556},
{"learn":[0.571054807],"iteration":41,"passed_time":0.7089175172,"remaining_time":16.17007099},
{"learn":[0.5703259367],"iteration":42,"passed_time":0.7202733531,"remaining_time":16.03026974},
{"learn":[0.5696954696],"iteration":43,"passed_time":0.7273745816,"remaining_time":15.80386591},
{"learn":[0.5690311612],"iteration":44,"passed_time":0.7368245314,"remaining_time":15.63705394},
{"learn":[0.568479545],"iteration":45,"passed_time":0.7488186335,"remaining_time":15.52984731},
{"learn":[0.5680062673],"iteration":46,"passed_time":0.7580139961,"remaining_time":15.36994337},
{"learn":[0.5675229152],"iteration":47,"passed_time":0.7689762399,"remaining_time":15.25136209},
{"learn":[0.5669792789],"iteration":48,"passed_time":0.7781560339,"remaining_time":15.10257935},
{"learn":[0.5666452879],"iteration":49,"passed_time":0.7877447506,"remaining_time":14.96715026},
{"learn":[0.5660664857],"iteration":50,"passed_time":0.7983843781,"remaining_time":14.85621127},
{"learn":[0.5655392251],"iteration":51,"passed_time":0.8093732999,"remaining_time":14.75549785},
{"learn":[0.5649690462],"iteration":52,"passed_time":0.8248565207,"remaining_time":14.73847406},
{"learn":[0.5645553062],"iteration":53,"passed_time":0.8382736134,"remaining_time":14.68531182},
{"learn":[0.5641666617],"iteration":54,"passed_time":0.8486296328,"remaining_time":14.58100005},
{"learn":[0.5637589475],"iteration":55,"passed_time":0.8590841321,"remaining_time":14.48170394},
{"learn":[0.5632673678],"iteration":56,"passed_time":0.869481245,"remaining_time":14.38457568},
{"learn":[0.5629413539],"iteration":57,"passed_time":0.8790788012,"remaining_time":14.27745225},
{"learn":[0.5624886639],"iteration":58,"passed_time":0.890060942,"remaining_time":14.19571774},
{"learn":[0.5622101468],"iteration":59,"passed_time":0.8995777589,"remaining_time":14.09338489},
{"learn":[0.5619208129],"iteration":60,"passed_time":0.9059902927,"remaining_time":13.94630959},
{"learn":[0.5616991035],"iteration":61,"passed_time":0.9144234722,"remaining_time":13.83434221},
{"learn":[0.5613512216],"iteration":62,"passed_time":0.9210146011,"remaining_time":13.69826478},
{"learn":[0.5610915099],"iteration":63,"passed_time":0.9288384604,"remaining_time":13.58426248},
{"learn":[0.5607660044],"iteration":64,"passed_time":0.9377195738,"remaining_time":13.48873541},
{"learn":[0.5605082966],"iteration":65,"passed_time":0.9453934777,"remaining_time":13.37875012},
{"learn":[0.5602804263],"iteration":66,"passed_time":0.9520479031,"remaining_time":13.25762229},
{"learn":[0.5599955501],"iteration":67,"passed_time":0.9586632156,"remaining_time":13.13932525},
{"learn":[0.5596487194],"iteration":68,"passed_time":0.966272216,"remaining_time":13.03767294},
{"learn":[0.5594797997],"iteration":69,"passed_time":0.9716621201,"remaining_time":12.90922531},
{"learn":[0.5592554479],"iteration":70,"passed_time":0.9796181922,"remaining_time":12.81782113},
{"learn":[0.5590359031],"iteration":71,"passed_time":0.9863300185,"remaining_time":12.71269802},
{"learn":[0.5586114703],"iteration":72,"passed_time":0.9937896469,"remaining_time":12.61976716},
{"learn":[0.5583258236],"iteration":73,"passed_time":1.001425336,"remaining_time":12.53134948},
{"learn":[0.558168953],"iteration":74,"passed_time":1.007778716,"remaining_time":12.42927083},
{"learn":[0.5579723749],"iteration":75,"passed_time":1.015577884,"remaining_time":12.34728901},
{"learn":[0.557751087],"iteration":76,"passed_time":1.021702708,"remaining_time":12.24716363},
{"learn":[0.5574463568],"iteration":77,"passed_time":1.03047117,"remaining_time":12.18069768},
{"learn":[0.5573210072],"iteration":78,"passed_time":1.036697123,"remaining_time":12.08605127},
{"learn":[0.557087687],"iteration":79,"passed_time":1.044770229,"remaining_time":12.01485764},
{"learn":[0.5569428087],"iteration":80,"passed_time":1.051642702,"remaining_time":11.93160053},
{"learn":[0.5567376944],"iteration":81,"passed_time":1.058979367,"remaining_time":11.85540315},
{"learn":[0.5565029935],"iteration":82,"passed_time":1.06880974,"remaining_time":11.80841605},
{"learn":[0.5563986785],"iteration":83,"passed_time":1.079183722,"remaining_time":11.76824154},
{"learn":[0.5562003448],"iteration":84,"passed_time":1.089348366,"remaining_time":11.72651477},
{"learn":[0.5559138113],"iteration":85,"passed_time":1.100217371,"remaining_time":11.69300788},
{"learn":[0.5558047425],"iteration":86,"passed_time":1.110991437,"remaining_time":11.65902508},
{"learn":[0.555638268],"iteration":87,"passed_time":1.120730308,"remaining_time":11.61484138},
{"learn":[0.5555089765],"iteration":88,"passed_time":1.130922213,"remaining_time":11.57606894},
{"learn":[0.5553585064],"iteration":89,"passed_time":1.140790383,"remaining_time":11.53465831},
{"learn":[0.5551190541],"iteration":90,"passed_time":1.151830306,"remaining_time":11.50564559},
{"learn":[0.5549521058],"iteration":91,"passed_time":1.164234264,"remaining_time":11.490486},
{"learn":[0.5548827279],"iteration":92,"passed_time":1.17808315,"remaining_time":11.4894776},
{"learn":[0.5547621891],"iteration":93,"passed_time":1.192131336,"remaining_time":11.49011692},
{"learn":[0.5546085409],"iteration":94,"passed_time":1.207014992,"remaining_time":11.49840598},
{"learn":[0.554380784],"iteration":95,"passed_time":1.218636591,"remaining_time":11.47549457},
{"learn":[0.5542303533],"iteration":96,"passed_time":1.22830582,"remaining_time":11.43464078},
{"learn":[0.5541963121],"iteration":97,"passed_time":1.237124036,"remaining_time":11.38659061},
{"learn":[0.5538699738],"iteration":98,"passed_time":1.246224693,"remaining_time":11.34190352},
{"learn":[0.5537790642],"iteration":99,"passed_time":1.254481298,"remaining_time":11.29033169},
{"learn":[0.5535973624],"iteration":100,"passed_time":1.263687536,"remaining_time":11.24807025},
{"learn":[0.5534675683],"iteration":101,"passed_time":1.271972701,"remaining_time":11.19834789},
{"learn":[0.5532821234],"iteration":102,"passed_time":1.280763408,"remaining_time":11.15383278},
{"learn":[0.5531106826],"iteration":103,"passed_time":1.289241577,"remaining_time":11.10731205},
{"learn":[0.5530025635],"iteration":104,"passed_time":1.29784707,"remaining_time":11.06260121},
{"learn":[0.5528452303],"iteration":105,"passed_time":1.306318814,"remaining_time":11.01744358},
{"learn":[0.5527668011],"iteration":106,"passed_time":1.313130987,"remaining_time":10.95912123},
{"learn":[0.5526905704],"iteration":107,"passed_time":1.321138787,"remaining_time":10.91162776},
{"learn":[0.5525195474],"iteration":108,"passed_time":1.329142622,"remaining_time":10.86482639},
{"learn":[0.552411969],"iteration":109,"passed_time":1.336513468,"remaining_time":10.81360897},
{"learn":[0.5523349769],"iteration":110,"passed_time":1.343242956,"remaining_time":10.75804493},
{"learn":[0.5521750829],"iteration":111,"passed_time":1.349685342,"remaining_time":10.70107664},
{"learn":[0.5520107629],"iteration":112,"passed_time":1.357561552,"remaining_time":10.65625749},
{"learn":[0.5518975835],"iteration":113,"passed_time":1.364642799,"remaining_time":10.60590807},
{"learn":[0.5517361535],"iteration":114,"passed_time":1.373259396,"remaining_time":10.56812665},
{"learn":[0.5516425374],"iteration":115,"passed_time":1.381082769,"remaining_time":10.52480317},
{"learn":[0.5515483506],"iteration":116,"passed_time":1.391773917,"remaining_time":10.50372965},
{"learn":[0.5513966782],"iteration":117,"passed_time":1.402475406,"remaining_time":10.48290939},
{"learn":[0.5512799826],"iteration":118,"passed_time":1.412511636,"remaining_time":10.45733404},
{"learn":[0.5511062401],"iteration":119,"passed_time":1.422931758,"remaining_time":10.43483289},
{"learn":[0.5510040998],"iteration":120,"passed_time":1.432850435,"remaining_time":10.4088887},
{"learn":[0.5508468524],"iteration":121,"passed_time":1.443834446,"remaining_time":10.39087413},
{"learn":[0.5505305424],"iteration":122,"passed_time":1.455758739,"remaining_time":10.37967816},
{"learn":[0.5504426375],"iteration":123,"passed_time":1.465354361,"remaining_time":10.35201952},
{"learn":[0.5502935778],"iteration":124,"passed_time":1.475865856,"remaining_time":10.33106099},
{"learn":[0.55011984],"iteration":125,"passed_time":1.486956902,"remaining_time":10.31428836},
{"learn":[0.5500093897],"iteration":126,"passed_time":1.498562644,"remaining_time":10.30114321},
{"learn":[0.5498416312],"iteration":127,"passed_time":1.511524566,"remaining_time":10.29726111},
{"learn":[0.5497663488],"iteration":128,"passed_time":1.522487885,"remaining_time":10.27974378},
{"learn":[0.5496152225],"iteration":129,"passed_time":1.532868868,"remaining_time":10.25843012},
{"learn":[0.5495278654],"iteration":130,"passed_time":1.538967109,"remaining_time":10.20887342},
{"learn":[0.5494148556],"iteration":131,"passed_time":1.545903438,"remaining_time":10.16548624},
{"learn":[0.5493149074],"iteration":132,"passed_time":1.552293733,"remaining_time":10.11908772},
{"learn":[0.5492264838],"iteration":133,"passed_time":1.558560939,"remaining_time":10.07249084},
{"learn":[0.5491630089],"iteration":134,"passed_time":1.565896297,"remaining_time":10.03333554},
{"learn":[0.5488980493],"iteration":135,"passed_time":1.572088872,"remaining_time":9.987388126},
{"learn":[0.5487015733],"iteration":136,"passed_time":1.579603054,"remaining_time":9.950346243},
{"learn":[0.5485893597],"iteration":137,"passed_time":1.586231977,"remaining_time":9.908202636},
{"learn":[0.5484937406],"iteration":138,"passed_time":1.592607476,"remaining_time":9.865000264},
{"learn":[0.5483480733],"iteration":139,"passed_time":1.599686979,"remaining_time":9.826648585},
{"learn":[0.5482808898],"iteration":140,"passed_time":1.606097941,"remaining_time":9.784667599},
{"learn":[0.548240663],"iteration":141,"passed_time":1.613746492,"remaining_time":9.750665421},
{"learn":[0.5481489735],"iteration":142,"passed_time":1.621135576,"remaining_time":9.715476843},
{"learn":[0.5480532907],"iteration":143,"passed_time":1.630195345,"remaining_time":9.690605662},
{"learn":[0.5479729602],"iteration":144,"passed_time":1.637118745,"remaining_time":9.65335536},
{"learn":[0.5478793837],"iteration":145,"passed_time":1.644684279,"remaining_time":9.620276537},
{"learn":[0.5477849866],"iteration":146,"passed_time":1.652103722,"remaining_time":9.58669711},
{"learn":[0.5477310352],"iteration":147,"passed_time":1.659934313,"remaining_time":9.555838069},
{"learn":[0.5476137291],"iteration":148,"passed_time":1.667054724,"remaining_time":9.521232016},
{"learn":[0.5475084176],"iteration":149,"passed_time":1.674193553,"remaining_time":9.487096801},
{"learn":[0.5473869659],"iteration":150,"passed_time":1.68392185,"remaining_time":9.46787848},
{"learn":[0.547310546],"iteration":151,"passed_time":1.691198666,"remaining_time":9.435108349},
{"learn":[0.5471998045],"iteration":152,"passed_time":1.698822538,"remaining_time":9.404592741},
{"learn":[0.5471335274],"iteration":153,"passed_time":1.706030385,"remaining_time":9.372088998},
{"learn":[0.5470339355],"iteration":154,"passed_time":1.715888576,"remaining_time":9.354360299},
{"learn":[0.5469390962],"iteration":155,"passed_time":1.724534955,"remaining_time":9.330176297},
{"learn":[0.54681967],"iteration":156,"passed_time":1.732958984,"remaining_time":9.304996326},
{"learn":[0.5467693241],"iteration":157,"passed_time":1.742158937,"remaining_time":9.284163448},
{"learn":[0.5467210065],"iteration":158,"passed_time":1.74973209,"remaining_time":9.254872248},
{"learn":[0.546677673],"iteration":159,"passed_time":1.759449166,"remaining_time":9.237108123},
{"learn":[0.5465806599],"iteration":160,"passed_time":1.767825193,"remaining_time":9.21245551},
{"learn":[0.5464677247],"iteration":161,"passed_time":1.777561123,"remaining_time":9.195038404},
{"learn":[0.5464002453],"iteration":162,"passed_time":1.787949312,"remaining_time":9.181064873},
{"learn":[0.5463501579],"iteration":163,"passed_time":1.801880809,"remaining_time":9.185197292},
{"learn":[0.5463050127],"iteration":164,"passed_time":1.812671905,"remaining_time":9.173218427},
{"learn":[0.5462557888],"iteration":165,"passed_time":1.825111145,"remaining_time":9.169534306},
{"learn":[0.5461608208],"iteration":166,"passed_time":1.836696912,"remaining_time":9.16148819},
{"learn":[0.5460674575],"iteration":167,"passed_time":1.848135552,"remaining_time":9.152671307},
{"learn":[0.5459407847],"iteration":168,"passed_time":1.862860774,"remaining_time":9.159984041},
{"learn":[0.5458272213],"iteration":169,"passed_time":1.874833996,"remaining_time":9.153601275},
{"learn":[0.5457377912],"iteration":170,"passed_time":1.88668207,"remaining_time":9.146546408},
{"learn":[0.54567744],"iteration":171,"passed_time":1.89772386,"remaining_time":9.135554394},
{"learn":[0.5456175769],"iteration":172,"passed_time":1.909960955,"remaining_time":9.130275781},
{"learn":[0.5455744016],"iteration":173,"passed_time":1.921966377,"remaining_time":9.1238174},
{"learn":[0.5454749952],"iteration":174,"passed_time":1.931954784,"remaining_time":9.107786839},
{"learn":[0.5453710289],"iteration":175,"passed_time":1.940615476,"remaining_time":9.08560882},
{"learn":[0.5453165983],"iteration":176,"passed_time":1.94746418,"remaining_time":9.055158308},
{"learn":[0.5451969322],"iteration":177,"passed_time":1.954762436,"remaining_time":9.027049},
{"learn":[0.5451496081],"iteration":178,"passed_time":1.961607313,"remaining_time":8.997092757},
{"learn":[0.5450364014],"iteration":179,"passed_time":1.967954787,"remaining_time":8.965127363},
{"learn":[0.5449823014],"iteration":180,"passed_time":1.97562896,"remaining_time":8.939448169},
{"learn":[0.5449096087],"iteration":181,"passed_time":1.981838182,"remaining_time":8.907382597},
{"learn":[0.5448571199],"iteration":182,"passed_time":1.990029827,"remaining_time":8.884450103},
{"learn":[0.5447871059],"iteration":183,"passed_time":1.996478394,"remaining_time":8.85394766},
{"learn":[0.5446457371],"iteration":184,"passed_time":2.0047818,"remaining_time":8.831876578},
{"learn":[0.5445940903],"iteration":185,"passed_time":2.011510531,"remaining_time":8.803062217},
{"learn":[0.5444851036],"iteration":186,"passed_time":2.018521968,"remaining_time":8.775713154},
{"learn":[0.5443987113],"iteration":187,"passed_time":2.026115441,"remaining_time":8.751094351},
{"learn":[0.5443458303],"iteration":188,"passed_time":2.03240472,"remaining_time":8.721059407},
{"learn":[0.5443428731],"iteration":189,"passed_time":2.040531963,"remaining_time":8.69910995},
{"learn":[0.544259021],"iteration":190,"passed_time":2.046739142,"remaining_time":8.669172596},
{"learn":[0.5442226006],"iteration":191,"passed_time":2.055077827,"remaining_time":8.648452522},
{"learn":[0.5441184032],"iteration":192,"passed_time":2.06178728,"remaining_time":8.621048369},
{"learn":[0.5440694634],"iteration":193,"passed_time":2.0695525,"remaining_time":8.598243892},
{"learn":[0.5439806129],"iteration":194,"passed_time":2.076619212,"remaining_time":8.57271008},
{"learn":[0.5439548847],"iteration":195,"passed_time":2.083057778,"remaining_time":8.544788027},
{"learn":[0.5438970155],"iteration":196,"passed_time":2.090782178,"remaining_time":8.522325324},
{"learn":[0.5438483362],"iteration":197,"passed_time":2.097056444,"remaining_time":8.494137718},
{"learn":[0.543752757],"iteration":198,"passed_time":2.105645857,"remaining_time":8.475489104},
{"learn":[0.5436690758],"iteration":199,"passed_time":2.111960533,"remaining_time":8.447842131},
{"learn":[0.5436085828],"iteration":200,"passed_time":2.119857388,"remaining_time":8.426696782},
{"learn":[0.5435826985],"iteration":201,"passed_time":2.126554389,"remaining_time":8.400942588},
{"learn":[0.543538605],"iteration":202,"passed_time":2.134693122,"remaining_time":8.381036543},
{"learn":[0.5434788093],"iteration":203,"passed_time":2.141544079,"remaining_time":8.356221016},
{"learn":[0.5434533569],"iteration":204,"passed_time":2.151238349,"remaining_time":8.342607255},
{"learn":[0.5433644602],"iteration":205,"passed_time":2.158079686,"remaining_time":8.318035294},
{"learn":[0.543330915],"iteration":206,"passed_time":2.164831154,"remaining_time":8.293290363},
{"learn":[0.5432686626],"iteration":207,"passed_time":2.172341823,"remaining_time":8.27160925},
{"learn":[0.5431945474],"iteration":208,"passed_time":2.178639614,"remaining_time":8.245473374},
{"learn":[0.5431242067],"iteration":209,"passed_time":2.187046091,"remaining_time":8.227459104},
{"learn":[0.5430474853],"iteration":210,"passed_time":2.193440621,"remaining_time":8.202012561},
{"learn":[0.5429923565],"iteration":211,"passed_time":2.202247191,"remaining_time":8.185711257},
{"learn":[0.5429096017],"iteration":212,"passed_time":2.21083627,"remaining_time":8.168676734},
{"learn":[0.5427927335],"iteration":213,"passed_time":2.219448068,"remaining_time":8.151804587},
{"learn":[0.5427189574],"iteration":214,"passed_time":2.227160129,"remaining_time":8.131724193},
{"learn":[0.5426576259],"iteration":215,"passed_time":2.235312045,"remaining_time":8.113354829},
{"learn":[0.5425946029],"iteration":216,"passed_time":2.241772562,"remaining_time":8.08897657},
{"learn":[0.5425587862],"iteration":217,"passed_time":2.25158397,"remaining_time":8.076782865},
{"learn":[0.5425559955],"iteration":218,"passed_time":2.257496781,"remaining_time":8.050707698},
{"learn":[0.5424725071],"iteration":219,"passed_time":2.268254561,"remaining_time":8.041993442},
{"learn":[0.5423540596],"iteration":220,"passed_time":2.277464683,"remaining_time":8.027805375},
{"learn":[0.5422470383],"iteration":221,"passed_time":2.287621949,"remaining_time":8.016981425},
{"learn":[0.5421879881],"iteration":222,"passed_time":2.297027645,"remaining_time":8.003544753},
{"learn":[0.5421459667],"iteration":223,"passed_time":2.306978187,"remaining_time":7.992031575},
{"learn":[0.5420921114],"iteration":224,"passed_time":2.317384145,"remaining_time":7.982100944},
{"learn":[0.5420206943],"iteration":225,"passed_time":2.327079872,"remaining_time":7.969733721},
{"learn":[0.541961037],"iteration":226,"passed_time":2.337726141,"remaining_time":7.960626902},
{"learn":[0.5418591917],"iteration":227,"passed_time":2.348615002,"remaining_time":7.952327989},
{"learn":[0.5418215964],"iteration":228,"passed_time":2.357801919,"remaining_time":7.938276331},
{"learn":[0.5417447908],"iteration":229,"passed_time":2.368363558,"remaining_time":7.928869304},
{"learn":[0.5416958376],"iteration":230,"passed_time":2.377725718,"remaining_time":7.915459208},
{"learn":[0.5415914941],"iteration":231,"passed_time":2.387922749,"remaining_time":7.904847722},
{"learn":[0.5415449368],"iteration":232,"passed_time":2.398578473,"remaining_time":7.895749736},
{"learn":[0.5414767497],"iteration":233,"passed_time":2.407516631,"remaining_time":7.88101598},
{"learn":[0.5414064923],"iteration":234,"passed_time":2.418213008,"remaining_time":7.872055111},
{"learn":[0.5413498841],"iteration":235,"passed_time":2.426057929,"remaining_time":7.85384855},
{"learn":[0.5413128509],"iteration":236,"passed_time":2.433223636,"remaining_time":7.833542762},
{"learn":[0.5412723462],"iteration":237,"passed_time":2.439259644,"remaining_time":7.809730457},
{"learn":[0.5412085791],"iteration":238,"passed_time":2.447611568,"remaining_time":7.793441018},
{"learn":[0.5411591733],"iteration":239,"passed_time":2.453926164,"remaining_time":7.770766187},
{"learn":[0.5410820665],"iteration":240,"passed_time":2.462074428,"remaining_time":7.754002038},
{"learn":[0.5410211745],"iteration":241,"passed_time":2.46875262,"remaining_time":7.732704489},
{"learn":[0.5409414545],"iteration":242,"passed_time":2.476778668,"remaining_time":7.715726139},
{"learn":[0.5408624725],"iteration":243,"passed_time":2.483608456,"remaining_time":7.695114724},
{"learn":[0.5407927137],"iteration":244,"passed_time":2.490211205,"remaining_time":7.673916161},
{"learn":[0.5407487142],"iteration":245,"passed_time":2.49716414,"remaining_time":7.653909601},
{"learn":[0.5406243571],"iteration":246,"passed_time":2.504008121,"remaining_time":7.633676579},
{"learn":[0.5405916278],"iteration":247,"passed_time":2.511243514,"remaining_time":7.614738396},
{"learn":[0.5405527349],"iteration":248,"passed_time":2.517458989,"remaining_time":7.592818076},
{"learn":[0.5404589721],"iteration":249,"passed_time":2.525791321,"remaining_time":7.577373964},
{"learn":[0.5404200067],"iteration":250,"passed_time":2.531834589,"remaining_time":7.555155805},
{"learn":[0.5403162931],"iteration":251,"passed_time":2.538341446,"remaining_time":7.534442069},
{"learn":[0.540240846],"iteration":252,"passed_time":2.546065383,"remaining_time":7.517434155},
{"learn":[0.5401860669],"iteration":253,"passed_time":2.552102296,"remaining_time":7.495544539},
{"learn":[0.5401548885],"iteration":254,"passed_time":2.559272837,"remaining_time":7.477091229},
{"learn":[0.5400766517],"iteration":255,"passed_time":2.565524537,"remaining_time":7.456055687},
{"learn":[0.5400030411],"iteration":256,"passed_time":2.573902901,"remaining_time":7.441283483},
{"learn":[0.5398754412],"iteration":257,"passed_time":2.580731699,"remaining_time":7.422104343},
{"learn":[0.5398240136],"iteration":258,"passed_time":2.587948727,"remaining_time":7.4041313},
{"learn":[0.5397101948],"iteration":259,"passed_time":2.595470163,"remaining_time":7.387107386},
{"learn":[0.5396554492],"iteration":260,"passed_time":2.602301934,"remaining_time":7.368203559},
{"learn":[0.5395931818],"iteration":261,"passed_time":2.611015589,"remaining_time":7.354692767},
{"learn":[0.5395659671],"iteration":262,"passed_time":2.617689725,"remaining_time":7.335503146},
{"learn":[0.5395043594],"iteration":263,"passed_time":2.625587791,"remaining_time":7.319820507},
{"learn":[0.5394322564],"iteration":264,"passed_time":2.632753097,"remaining_time":7.30216425},
{"learn":[0.5393976657],"iteration":265,"passed_time":2.640876528,"remaining_time":7.287230721},
{"learn":[0.5393243662],"iteration":266,"passed_time":2.647859249,"remaining_time":7.269216589},
{"learn":[0.5392185302],"iteration":267,"passed_time":2.655515545,"remaining_time":7.25312455},
{"learn":[0.5392174729],"iteration":268,"passed_time":2.660229101,"remaining_time":7.229098412},
{"learn":[0.5391399139],"iteration":269,"passed_time":2.667932176,"remaining_time":7.213298105},
{"learn":[0.5390995271],"iteration":270,"passed_time":2.675658383,"remaining_time":7.197619783},
{"learn":[0.5389379409],"iteration":271,"passed_time":2.682942986,"remaining_time":7.180817991},
{"learn":[0.5388269649],"iteration":272,"passed_time":2.690841722,"remaining_time":7.165721361},
{"learn":[0.5387310709],"iteration":273,"passed_time":2.697144057,"remaining_time":7.146447392},
{"learn":[0.5387110368],"iteration":274,"passed_time":2.704834641,"remaining_time":7.13092769},
{"learn":[0.5386480452],"iteration":275,"passed_time":2.711059342,"remaining_time":7.111619434},
{"learn":[0.5385639559],"iteration":276,"passed_time":2.71931977,"remaining_time":7.09771911},
{"learn":[0.5384833188],"iteration":277,"passed_time":2.728020786,"remaining_time":7.085003624},
{"learn":[0.5383719069],"iteration":278,"passed_time":2.735355698,"remaining_time":7.068786589},
{"learn":[0.5382989221],"iteration":279,"passed_time":2.742482944,"remaining_time":7.052098999},
{"learn":[0.5382250237],"iteration":280,"passed_time":2.749250352,"remaining_time":7.034558731},
{"learn":[0.5380888479],"iteration":281,"passed_time":2.759737638,"remaining_time":7.026566043},
{"learn":[0.5380289065],"iteration":282,"passed_time":2.769543389,"remaining_time":7.01682901},
{"learn":[0.5379952765],"iteration":283,"passed_time":2.780545364,"remaining_time":7.010107327},
{"learn":[0.5379576161],"iteration":284,"passed_time":2.791049963,"remaining_time":7.002107802},
{"learn":[0.5379107875],"iteration":285,"passed_time":2.80184796,"remaining_time":6.994823229},
{"learn":[0.5378250542],"iteration":286,"passed_time":2.812887692,"remaining_time":6.988114719},
{"learn":[0.5377413345],"iteration":287,"passed_time":2.824936755,"remaining_time":6.983871422},
{"learn":[0.5376772134],"iteration":288,"passed_time":2.835027107,"remaining_time":6.974755271},
{"learn":[0.5375989041],"iteration":289,"passed_time":2.846059479,"remaining_time":6.967938724},
{"learn":[0.5375234632],"iteration":290,"passed_time":2.858474627,"remaining_time":6.964462236},
{"learn":[0.5374238282],"iteration":291,"passed_time":2.871997566,"remaining_time":6.963610537},
{"learn":[0.5373823652],"iteration":292,"passed_time":2.882688945,"remaining_time":6.955839878},
{"learn":[0.5372946609],"iteration":293,"passed_time":2.894473067,"remaining_time":6.95067342},
{"learn":[0.5372435888],"iteration":294,"passed_time":2.906578726,"remaining_time":6.946230515},
{"learn":[0.5370816786],"iteration":295,"passed_time":2.914925326,"remaining_time":6.93279537},
{"learn":[0.536991646],"iteration":296,"passed_time":2.922277862,"remaining_time":6.917041539},
{"learn":[0.5369267346],"iteration":297,"passed_time":2.928928386,"remaining_time":6.899690359},
{"learn":[0.5368648774],"iteration":298,"passed_time":2.937173882,"remaining_time":6.886150138},
{"learn":[0.5367153332],"iteration":299,"passed_time":2.943681725,"remaining_time":6.868590691},
{"learn":[0.5366236731],"iteration":300,"passed_time":2.95255786,"remaining_time":6.856604465},
{"learn":[0.5365430353],"iteration":301,"passed_time":2.959102275,"remaining_time":6.839249629},
{"learn":[0.5364822162],"iteration":302,"passed_time":2.967048975,"remaining_time":6.825191867},
{"learn":[0.5364061176],"iteration":303,"passed_time":2.973785734,"remaining_time":6.808404179},
{"learn":[0.5363569429],"iteration":304,"passed_time":2.981490488,"remaining_time":6.793888161},
{"learn":[0.5362411544],"iteration":305,"passed_time":2.988527866,"remaining_time":6.777903068},
{"learn":[0.5361828903],"iteration":306,"passed_time":2.995409914,"remaining_time":6.761625636},
{"learn":[0.5360786121],"iteration":307,"passed_time":3.00327627,"remaining_time":6.74762071},
{"learn":[0.535996782],"iteration":308,"passed_time":3.00994473,"remaining_time":6.730976726},
{"learn":[0.5358903333],"iteration":309,"passed_time":3.018971542,"remaining_time":6.719646335},
{"learn":[0.5357893551],"iteration":310,"passed_time":3.025450271,"remaining_time":6.702685649},
{"learn":[0.5356988619],"iteration":311,"passed_time":3.034773035,"remaining_time":6.692063615},
{"learn":[0.5356034708],"iteration":312,"passed_time":3.041218718,"remaining_time":6.675135014},
{"learn":[0.5354944765],"iteration":313,"passed_time":3.049592935,"remaining_time":6.662486477},
{"learn":[0.535427936],"iteration":314,"passed_time":3.056041995,"remaining_time":6.645678624},
{"learn":[0.5353780055],"iteration":315,"passed_time":3.064226569,"remaining_time":6.632692954},
{"learn":[0.5353060936],"iteration":316,"passed_time":3.070980845,"remaining_time":6.616655889},
{"learn":[0.5352253088],"iteration":317,"passed_time":3.078406971,"remaining_time":6.602118095},
{"learn":[0.5351746697],"iteration":318,"passed_time":3.085941345,"remaining_time":6.587855974},
{"learn":[0.5350910955],"iteration":319,"passed_time":3.092487954,"remaining_time":6.571536903},
{"learn":[0.5350209716],"iteration":320,"passed_time":3.100305769,"remaining_time":6.557967655},
{"learn":[0.5349497552],"iteration":321,"passed_time":3.106537179,"remaining_time":6.541093811},
{"learn":[0.5349009464],"iteration":322,"passed_time":3.116137422,"remaining_time":6.531346857},
{"learn":[0.5348017471],"iteration":323,"passed_time":3.122708784,"remaining_time":6.515281289},
{"learn":[0.5347568115],"iteration":324,"passed_time":3.132280599,"remaining_time":6.50550586},
{"learn":[0.53461286],"iteration":325,"passed_time":3.138846488,"remaining_time":6.489516972},
{"learn":[0.5345587681],"iteration":326,"passed_time":3.147595975,"remaining_time":6.478079789},
{"learn":[0.5344328874],"iteration":327,"passed_time":3.154526428,"remaining_time":6.462932195},
{"learn":[0.5343216868],"iteration":328,"passed_time":3.162997031,"remaining_time":6.450975708},
{"learn":[0.5342482225],"iteration":329,"passed_time":3.169692407,"remaining_time":6.4354361},
{"learn":[0.5341706165],"iteration":330,"passed_time":3.177963533,"remaining_time":6.423134754},
{"learn":[0.5340937674],"iteration":331,"passed_time":3.184763023,"remaining_time":6.407896685},
{"learn":[0.5340266201],"iteration":332,"passed_time":3.191650876,"remaining_time":6.392886289},
{"learn":[0.5339512632],"iteration":333,"passed_time":3.199403645,"remaining_time":6.379649185},
{"learn":[0.5338490252],"iteration":334,"passed_time":3.206613918,"remaining_time":6.365367927},
{"learn":[0.5337802873],"iteration":335,"passed_time":3.214707134,"remaining_time":6.352873621},
{"learn":[0.5337016343],"iteration":336,"passed_time":3.220968918,"remaining_time":6.336802351},
{"learn":[0.5336301031],"iteration":337,"passed_time":3.22997774,"remaining_time":6.32616942},
{"learn":[0.5335342819],"iteration":338,"passed_time":3.237100933,"remaining_time":6.31186937},
{"learn":[0.5334719526],"iteration":339,"passed_time":3.245616976,"remaining_time":6.300315307},
{"learn":[0.5333973069],"iteration":340,"passed_time":3.253834115,"remaining_time":6.288201413},
{"learn":[0.5333387577],"iteration":341,"passed_time":3.262407116,"remaining_time":6.276794978},
{"learn":[0.5332713531],"iteration":342,"passed_time":3.269013038,"remaining_time":6.261637218},
{"learn":[0.533217306],"iteration":343,"passed_time":3.277115704,"remaining_time":6.249383435},
{"learn":[0.5331162428],"iteration":344,"passed_time":3.284006554,"remaining_time":6.234853024},
{"learn":[0.5330247872],"iteration":345,"passed_time":3.291697139,"remaining_time":6.221878407},
{"learn":[0.532902389],"iteration":346,"passed_time":3.298495035,"remaining_time":6.207254345},
{"learn":[0.532825437],"iteration":347,"passed_time":3.305516815,"remaining_time":6.193094722},
{"learn":[0.5327285405],"iteration":348,"passed_time":3.313958481,"remaining_time":6.181624559},
{"learn":[0.5326594936],"iteration":349,"passed_time":3.323871507,"remaining_time":6.172904227},
{"learn":[0.53257429],"iteration":350,"passed_time":3.334115324,"remaining_time":6.164788733},
{"learn":[0.5324943401],"iteration":351,"passed_time":3.344481505,"remaining_time":6.156886408},
{"learn":[0.5323820831],"iteration":352,"passed_time":3.354861078,"remaining_time":6.148994667},
{"learn":[0.5322900552],"iteration":353,"passed_time":3.366245222,"remaining_time":6.142922071},
{"learn":[0.5322436801],"iteration":354,"passed_time":3.377196534,"remaining_time":6.136033139},
{"learn":[0.5321903178],"iteration":355,"passed_time":3.387802949,"remaining_time":6.12849747},
{"learn":[0.5321502078],"iteration":356,"passed_time":3.399062475,"remaining_time":6.122120929},
{"learn":[0.5320734032],"iteration":357,"passed_time":3.409990775,"remaining_time":6.115123121},
{"learn":[0.5319912192],"iteration":358,"passed_time":3.420626642,"remaining_time":6.107581275},
{"learn":[0.5319301591],"iteration":359,"passed_time":3.431526323,"remaining_time":6.10049124},
{"learn":[0.5318741229],"iteration":360,"passed_time":3.443217982,"remaining_time":6.094781969},
{"learn":[0.531773587],"iteration":361,"passed_time":3.453923738,"remaining_time":6.087302057},
{"learn":[0.5316951582],"iteration":362,"passed_time":3.464769368,"remaining_time":6.080049827},
{"learn":[0.5315991123],"iteration":363,"passed_time":3.475695172,"remaining_time":6.072917937},
{"learn":[0.5315759102],"iteration":364,"passed_time":3.481788775,"remaining_time":6.057358553},
{"learn":[0.5314519995],"iteration":365,"passed_time":3.488792876,"remaining_time":6.043428097},
{"learn":[0.5313883146],"iteration":366,"passed_time":3.495150632,"remaining_time":6.028420573},
{"learn":[0.531328715],"iteration":367,"passed_time":3.502708552,"remaining_time":6.015521209},
{"learn":[0.5312447636],"iteration":368,"passed_time":3.509144298,"remaining_time":6.000731849},
{"learn":[0.5312027402],"iteration":369,"passed_time":3.515352299,"remaining_time":5.98559986},
{"learn":[0.5311442867],"iteration":370,"passed_time":3.522419737,"remaining_time":5.971973085},
{"learn":[0.5310675547],"iteration":371,"passed_time":3.52865344,"remaining_time":5.956974087},
{"learn":[0.5309931838],"iteration":372,"passed_time":3.536486988,"remaining_time":5.944711372},
{"learn":[0.5309046556],"iteration":373,"passed_time":3.553172796,"remaining_time":5.947289225},
{"learn":[0.5308406227],"iteration":374,"passed_time":3.563204121,"remaining_time":5.938673535},
{"learn":[0.5307624219],"iteration":375,"passed_time":3.573404573,"remaining_time":5.930330993},
{"learn":[0.5307209505],"iteration":376,"passed_time":3.585287957,"remaining_time":5.924759674},
{"learn":[0.5306688631],"iteration":377,"passed_time":3.595160695,"remaining_time":5.915846435},
{"learn":[0.530612773],"iteration":378,"passed_time":3.604455585,"remaining_time":5.905981315},
{"learn":[0.5305570942],"iteration":379,"passed_time":3.615445249,"remaining_time":5.898884354},
{"learn":[0.53049725],"iteration":380,"passed_time":3.624512103,"remaining_time":5.888643023},
{"learn":[0.5304441545],"iteration":381,"passed_time":3.636322076,"remaining_time":5.882845663},
{"learn":[0.5303874531],"iteration":382,"passed_time":3.646769523,"remaining_time":5.874821921},
{"learn":[0.5303253583],"iteration":383,"passed_time":3.656059044,"remaining_time":5.864928049},
{"learn":[0.5302763358],"iteration":384,"passed_time":3.666300024,"remaining_time":5.856557181},
{"learn":[0.5302062731],"iteration":385,"passed_time":3.674938419,"remaining_time":5.845627434},
{"learn":[0.5301303121],"iteration":386,"passed_time":3.684041507,"remaining_time":5.835445591},
{"learn":[0.5300242247],"iteration":387,"passed_time":3.696268222,"remaining_time":5.830196267},
{"learn":[0.5299751586],"iteration":388,"passed_time":3.705707896,"remaining_time":5.820533481},
{"learn":[0.5298582978],"iteration":389,"passed_time":3.716377226,"remaining_time":5.812795148},
{"learn":[0.5298096322],"iteration":390,"passed_time":3.726841861,"remaining_time":5.804723001},
{"learn":[0.5296982862],"iteration":391,"passed_time":3.734633794,"remaining_time":5.792493231},
{"learn":[0.5296536652],"iteration":392,"passed_time":3.740974387,"remaining_time":5.77804441},
{"learn":[0.5295620711],"iteration":393,"passed_time":3.749007929,"remaining_time":5.766240622},
{"learn":[0.5295176903],"iteration":394,"passed_time":3.755235593,"remaining_time":5.751689959},
{"learn":[0.5294621193],"iteration":395,"passed_time":3.763647972,"remaining_time":5.740513574},
{"learn":[0.5294008675],"iteration":396,"passed_time":3.771611489,"remaining_time":5.72866934},
{"learn":[0.5293474843],"iteration":397,"passed_time":3.779964844,"remaining_time":5.717434262},
{"learn":[0.5292943997],"iteration":398,"passed_time":3.78691355,"remaining_time":5.704097853},
{"learn":[0.5292346494],"iteration":399,"passed_time":3.795112308,"remaining_time":5.692668463},
{"learn":[0.5291585662],"iteration":400,"passed_time":3.802139338,"remaining_time":5.679504896},
{"learn":[0.5290914795],"iteration":401,"passed_time":3.809966573,"remaining_time":5.667562215},
{"learn":[0.52905668],"iteration":402,"passed_time":3.816435343,"remaining_time":5.653627543},
{"learn":[0.5289881118],"iteration":403,"passed_time":3.823215782,"remaining_time":5.640189619},
{"learn":[0.52891445],"iteration":404,"passed_time":3.831283017,"remaining_time":5.62867505},
{"learn":[0.5288486769],"iteration":405,"passed_time":3.837586223,"remaining_time":5.614596592},
{"learn":[0.5287957594],"iteration":406,"passed_time":3.84609701,"remaining_time":5.603772794},
{"learn":[0.5287434217],"iteration":407,"passed_time":3.852612391,"remaining_time":5.590065038},
{"learn":[0.528674919],"iteration":408,"passed_time":3.861798985,"remaining_time":5.580252323},
{"learn":[0.528603636],"iteration":409,"passed_time":3.868385098,"remaining_time":5.566700507},
{"learn":[0.5285279549],"iteration":410,"passed_time":3.876560996,"remaining_time":5.555460892},
{"learn":[0.5284831569],"iteration":411,"passed_time":3.883574067,"remaining_time":5.542576581},
{"learn":[0.5284237027],"iteration":412,"passed_time":3.892009549,"remaining_time":5.531742386},
{"learn":[0.5283716434],"iteration":413,"passed_time":3.901131067,"remaining_time":5.521890835},
{"learn":[0.5282952958],"iteration":414,"passed_time":3.912433925,"remaining_time":5.515117702},
{"learn":[0.5282194881],"iteration":415,"passed_time":3.922596995,"remaining_time":5.506722705},
{"learn":[0.5281335599],"iteration":416,"passed_time":3.933781113,"remaining_time":5.499746736},
{"learn":[0.5280991517],"iteration":417,"passed_time":3.945418589,"remaining_time":5.493381863},
{"learn":[0.5280318468],"iteration":418,"passed_time":3.956815209,"remaining_time":5.486657844},
{"learn":[0.527953341],"iteration":419,"passed_time":3.967753375,"remaining_time":5.47927847},
{"learn":[0.5279065402],"iteration":420,"passed_time":3.979062082,"remaining_time":5.472391794},
{"learn":[0.5278575547],"iteration":421,"passed_time":3.989090545,"remaining_time":5.463730652},
{"learn":[0.52783667],"iteration":422,"passed_time":3.998908712,"remaining_time":5.454776186},
{"learn":[0.5277837006],"iteration":423,"passed_time":4.010536604,"remaining_time":5.448276141},
{"learn":[0.5277335538],"iteration":424,"passed_time":4.023783289,"remaining_time":5.443942096},
{"learn":[0.5276808654],"iteration":425,"passed_time":4.033951443,"remaining_time":5.435418141},
{"learn":[0.5275879602],"iteration":426,"passed_time":4.045168317,"remaining_time":5.428293784},
{"learn":[0.5274896966],"iteration":427,"passed_time":4.055196356,"remaining_time":5.419561485},
{"learn":[0.5273829287],"iteration":428,"passed_time":4.061993647,"remaining_time":5.406523012},
{"learn":[0.5273216731],"iteration":429,"passed_time":4.069326319,"remaining_time":5.39422326},
{"learn":[0.5272760967],"iteration":430,"passed_time":4.076500151,"remaining_time":5.381736858},
{"learn":[0.5272130499],"iteration":431,"passed_time":4.083432372,"remaining_time":5.368957378},
{"learn":[0.5271257493],"iteration":432,"passed_time":4.091584165,"remaining_time":5.357801897},
{"learn":[0.5270780632],"iteration":433,"passed_time":4.097313197,"remaining_time":5.34350062},
{"learn":[0.5269929093],"iteration":434,"passed_time":4.105608309,"remaining_time":5.332571711},
{"learn":[0.5269271868],"iteration":435,"passed_time":4.112474687,"remaining_time":5.319806705},
{"learn":[0.5268769831],"iteration":436,"passed_time":4.12042411,"remaining_time":5.308464014},
{"learn":[0.5268202146],"iteration":437,"passed_time":4.127062977,"remaining_time":5.295455236},
{"learn":[0.5267628147],"iteration":438,"passed_time":4.134149568,"remaining_time":5.283047625},
{"learn":[0.526689816],"iteration":439,"passed_time":4.141444288,"remaining_time":5.270929094},
{"learn":[0.5266213954],"iteration":440,"passed_time":4.147980455,"remaining_time":5.257870917},
{"learn":[0.5265462566],"iteration":441,"passed_time":4.156237572,"remaining_time":5.247014853},
{"learn":[0.5264935144],"iteration":442,"passed_time":4.162533321,"remaining_time":5.233704423},
{"learn":[0.5264411859],"iteration":443,"passed_time":4.170716285,"remaining_time":5.222788862},
{"learn":[0.526363241],"iteration":444,"passed_time":4.177678428,"remaining_time":5.210362983},
{"learn":[0.5263146552],"iteration":445,"passed_time":4.186896702,"remaining_time":5.200764064},
{"learn":[0.5262633143],"iteration":446,"passed_time":4.193477868,"remaining_time":5.187904387},
{"learn":[0.5261677352],"iteration":447,"passed_time":4.201577942,"remaining_time":5.17694425},
{"learn":[0.5261159021],"iteration":448,"passed_time":4.208568022,"remaining_time":5.1646347},
{"learn":[0.5260376707],"iteration":449,"passed_time":4.215771798,"remaining_time":5.152609975},
{"learn":[0.5259948],"iteration":450,"passed_time":4.224781127,"remaining_time":5.14280452},
{"learn":[0.5259061654],"iteration":451,"passed_time":4.23598888,"remaining_time":5.135667934},
{"learn":[0.5258291758],"iteration":452,"passed_time":4.24701212,"remaining_time":5.128290573},
{"learn":[0.5257706817],"iteration":453,"passed_time":4.257405348,"remaining_time":5.120139472},
{"learn":[0.5257221014],"iteration":454,"passed_time":4.268525247,"remaining_time":5.112848922},
{"learn":[0.5256821055],"iteration":455,"passed_time":4.281095084,"remaining_time":5.107271328},
{"learn":[0.5256222389],"iteration":456,"passed_time":4.293304065,"remaining_time":5.101234371},
{"learn":[0.5255660645],"iteration":457,"passed_time":4.306533472,"remaining_time":5.096378039},
{"learn":[0.5255009402],"iteration":458,"passed_time":4.319684361,"remaining_time":5.091392678},
{"learn":[0.5254489297],"iteration":459,"passed_time":4.330715759,"remaining_time":5.083883717},
{"learn":[0.5253745003],"iteration":460,"passed_time":4.342044621,"remaining_time":5.076707268},
{"learn":[0.5253284509],"iteration":461,"passed_time":4.354259025,"remaining_time":5.070544059},
{"learn":[0.5252526784],"iteration":462,"passed_time":4.36707825,"remaining_time":5.065056199},
{"learn":[0.5252016745],"iteration":463,"passed_time":4.377332982,"remaining_time":5.056574307},
{"learn":[0.5251266908],"iteration":464,"passed_time":4.385509064,"remaining_time":5.045693225},
{"learn":[0.5250550611],"iteration":465,"passed_time":4.392129095,"remaining_time":5.033040637},
{"learn":[0.5250243075],"iteration":466,"passed_time":4.40056793,"remaining_time":5.022489735},
{"learn":[0.5250003992],"iteration":467,"passed_time":4.407063763,"remaining_time":5.009739149},
{"learn":[0.5249230383],"iteration":468,"passed_time":4.41646286,"remaining_time":5.0003023},
{"learn":[0.5248658901],"iteration":469,"passed_time":4.423504107,"remaining_time":4.988206759},
{"learn":[0.5248005442],"iteration":470,"passed_time":4.432680699,"remaining_time":4.978530976},
{"learn":[0.524754507],"iteration":471,"passed_time":4.439371052,"remaining_time":4.966076092},
{"learn":[0.5246495788],"iteration":472,"passed_time":4.449337881,"remaining_time":4.957296117},
{"learn":[0.5245894101],"iteration":473,"passed_time":4.4561928,"remaining_time":4.945057833},
{"learn":[0.5245324082],"iteration":474,"passed_time":4.465087206,"remaining_time":4.935096386},
{"learn":[0.5244979317],"iteration":475,"passed_time":4.472507057,"remaining_time":4.923516172},
{"learn":[0.524441396],"iteration":476,"passed_time":4.480510192,"remaining_time":4.912592936},
{"learn":[0.5244028021],"iteration":477,"passed_time":4.487155158,"remaining_time":4.900198729},
{"learn":[0.5243331613],"iteration":478,"passed_time":4.495697246,"remaining_time":4.889891994},
{"learn":[0.52429051],"iteration":479,"passed_time":4.501834528,"remaining_time":4.876987405},
{"learn":[0.5242226036],"iteration":480,"passed_time":4.509403692,"remaining_time":4.865655958},
{"learn":[0.5241496132],"iteration":481,"passed_time":4.515789058,"remaining_time":4.853067909},
{"learn":[0.5240852918],"iteration":482,"passed_time":4.522266483,"remaining_time":4.840604083},
{"learn":[0.5240232624],"iteration":483,"passed_time":4.529277663,"remaining_time":4.828734038},
{"learn":[0.5239845075],"iteration":484,"passed_time":4.53544247,"remaining_time":4.815985303},
{"learn":[0.5238946549],"iteration":485,"passed_time":4.543481873,"remaining_time":4.80524626},
{"learn":[0.5238227627],"iteration":486,"passed_time":4.550765316,"remaining_time":4.793721986},
{"learn":[0.5237842088],"iteration":487,"passed_time":4.559826755,"remaining_time":4.784080529},
{"learn":[0.52372626],"iteration":488,"passed_time":4.56679169,"remaining_time":4.772250621},
{"learn":[0.5236968244],"iteration":489,"passed_time":4.574332201,"remaining_time":4.761039638},
{"learn":[0.5236421623],"iteration":490,"passed_time":4.581284762,"remaining_time":4.749234102},
{"learn":[0.5236060068],"iteration":491,"passed_time":4.588442057,"remaining_time":4.737659685},
{"learn":[0.5235606161],"iteration":492,"passed_time":4.595083297,"remaining_time":4.725572478},
{"learn":[0.5234978841],"iteration":493,"passed_time":4.601264761,"remaining_time":4.713036375},
{"learn":[0.5234692258],"iteration":494,"passed_time":4.608571975,"remaining_time":4.701674439},
{"learn":[0.5234024509],"iteration":495,"passed_time":4.614922197,"remaining_time":4.689356426},
{"learn":[0.5233616715],"iteration":496,"passed_time":4.62145425,"remaining_time":4.677246454},
{"learn":[0.5233222139],"iteration":497,"passed_time":4.630486093,"remaining_time":4.667678753},
{"learn":[0.5232535064],"iteration":498,"passed_time":4.640629673,"remaining_time":4.659229391},
{"learn":[0.5231761907],"iteration":499,"passed_time":4.649755409,"remaining_time":4.649755409},
{"learn":[0.5230861573],"iteration":500,"passed_time":4.660779784,"remaining_time":4.642173877},
{"learn":[0.5230289481],"iteration":501,"passed_time":4.67046834,"remaining_time":4.633253453},
{"learn":[0.5229850055],"iteration":502,"passed_time":4.679904031,"remaining_time":4.624080126},
{"learn":[0.5229393323],"iteration":503,"passed_time":4.690459652,"remaining_time":4.616007912},
{"learn":[0.5228827747],"iteration":504,"passed_time":4.699487049,"remaining_time":4.606427899},
{"learn":[0.5228779818],"iteration":505,"passed_time":4.710150687,"remaining_time":4.598447508},
{"learn":[0.5228228397],"iteration":506,"passed_time":4.719552799,"remaining_time":4.589229842},
{"learn":[0.5227515124],"iteration":507,"passed_time":4.730193039,"remaining_time":4.581210581},
{"learn":[0.5227243249],"iteration":508,"passed_time":4.740061052,"remaining_time":4.572436103},
{"learn":[0.522697557],"iteration":509,"passed_time":4.749256993,"remaining_time":4.563011621},
{"learn":[0.5226101513],"iteration":510,"passed_time":4.760443849,"remaining_time":4.555493233},
{"learn":[0.5225247121],"iteration":511,"passed_time":4.770642141,"remaining_time":4.547018291},
{"learn":[0.5224416876],"iteration":512,"passed_time":4.781103075,"remaining_time":4.53878596},
{"learn":[0.522380693],"iteration":513,"passed_time":4.790327638,"remaining_time":4.529375938},
{"learn":[0.522309204],"iteration":514,"passed_time":4.799058061,"remaining_time":4.519501281},
{"learn":[0.5222615043],"iteration":515,"passed_time":4.807682867,"remaining_time":4.509531991},
{"learn":[0.5222178852],"iteration":516,"passed_time":4.81413036,"remaining_time":4.49753378},
{"learn":[0.5221629218],"iteration":517,"passed_time":4.822843007,"remaining_time":4.487664729},
{"learn":[0.5221546524],"iteration":518,"passed_time":4.833993948,"remaining_time":4.480059902},
{"learn":[0.5220775594],"iteration":519,"passed_time":4.843484053,"remaining_time":4.470908357},
{"learn":[0.5220098575],"iteration":520,"passed_time":4.8512109,"remaining_time":4.460134397},
{"learn":[0.5219720704],"iteration":521,"passed_time":4.85965092,"remaining_time":4.450025172},
{"learn":[0.5219093116],"iteration":522,"passed_time":4.867339055,"remaining_time":4.439236576},
{"learn":[0.5218493188],"iteration":523,"passed_time":4.87590961,"remaining_time":4.429261401},
{"learn":[0.5217786063],"iteration":524,"passed_time":4.884068785,"remaining_time":4.418919377},
{"learn":[0.5217055829],"iteration":525,"passed_time":4.89240111,"remaining_time":4.408741685},
{"learn":[0.5216701655],"iteration":526,"passed_time":4.899894087,"remaining_time":4.397817653},
{"learn":[0.5216091837],"iteration":527,"passed_time":4.907648497,"remaining_time":4.387140323},
{"learn":[0.5215284702],"iteration":528,"passed_time":4.914925605,"remaining_time":4.376049074},
{"learn":[0.5214810016],"iteration":529,"passed_time":4.924626113,"remaining_time":4.36712127},
{"learn":[0.5214397864],"iteration":530,"passed_time":4.931446202,"remaining_time":4.355646457},
{"learn":[0.5214368237],"iteration":531,"passed_time":4.939432669,"remaining_time":4.345215205},
{"learn":[0.5214013388],"iteration":532,"passed_time":4.947190218,"remaining_time":4.334592555},
{"learn":[0.5213187664],"iteration":533,"passed_time":4.955374086,"remaining_time":4.324352667},
{"learn":[0.5212557482],"iteration":534,"passed_time":4.962199095,"remaining_time":4.312939401},
{"learn":[0.521164283],"iteration":535,"passed_time":4.97158609,"remaining_time":4.303761093},
{"learn":[0.5211050861],"iteration":536,"passed_time":4.978262253,"remaining_time":4.292244736},
{"learn":[0.5210647576],"iteration":537,"passed_time":4.987024263,"remaining_time":4.282537564},
{"learn":[0.5210231322],"iteration":538,"passed_time":4.994067171,"remaining_time":4.271363573},
{"learn":[0.5209770039],"iteration":539,"passed_time":5.003153258,"remaining_time":4.261945368},
{"learn":[0.5209511521],"iteration":540,"passed_time":5.009932428,"remaining_time":4.250571136},
{"learn":[0.520875412],"iteration":541,"passed_time":5.019421652,"remaining_time":4.241503905},
{"learn":[0.5207906325],"iteration":542,"passed_time":5.026143156,"remaining_time":4.23010575},
{"learn":[0.5207515167],"iteration":543,"passed_time":5.035731012,"remaining_time":4.221127466},
{"learn":[0.5207092501],"iteration":544,"passed_time":5.04275574,"remaining_time":4.210007085},
{"learn":[0.520643517],"iteration":545,"passed_time":5.051891714,"remaining_time":4.200657212},
{"learn":[0.5205987287],"iteration":546,"passed_time":5.058471219,"remaining_time":4.189190973},
{"learn":[0.5205488869],"iteration":547,"passed_time":5.068942213,"remaining_time":4.180952336},
{"learn":[0.5205085132],"iteration":548,"passed_time":5.07635908,"remaining_time":4.170196622},
{"learn":[0.5204732227],"iteration":549,"passed_time":5.085229091,"remaining_time":4.160641983},
{"learn":[0.5203897212],"iteration":550,"passed_time":5.092779907,"remaining_time":4.150014842},
{"learn":[0.5203455473],"iteration":551,"passed_time":5.102170365,"remaining_time":4.14089189},
{"learn":[0.5202899432],"iteration":552,"passed_time":5.109408207,"remaining_time":4.130027972},
{"learn":[0.5202542479],"iteration":553,"passed_time":5.120163627,"remaining_time":4.122008985},
{"learn":[0.5201766136],"iteration":554,"passed_time":5.133117214,"remaining_time":4.115742631},
{"learn":[0.5201262394],"iteration":555,"passed_time":5.145297646,"remaining_time":4.108834811},
{"learn":[0.5200841546],"iteration":556,"passed_time":5.157862181,"remaining_time":4.102213548},
{"learn":[0.5200484827],"iteration":557,"passed_time":5.170215031,"remaining_time":4.095403304},
{"learn":[0.5200190374],"iteration":558,"passed_time":5.181104825,"remaining_time":4.087419012},
{"learn":[0.5199756928],"iteration":559,"passed_time":5.192366571,"remaining_time":4.079716591},
{"learn":[0.5199322398],"iteration":560,"passed_time":5.203545313,"remaining_time":4.071936528},
{"learn":[0.5198891787],"iteration":561,"passed_time":5.215286978,"remaining_time":4.06458309},
{"learn":[0.5198547142],"iteration":562,"passed_time":5.228429905,"remaining_time":4.058301721},
{"learn":[0.5198063023],"iteration":563,"passed_time":5.239430785,"remaining_time":4.05034011},
{"learn":[0.5197723928],"iteration":564,"passed_time":5.251785226,"remaining_time":4.043409864},
{"learn":[0.5196887954],"iteration":565,"passed_time":5.263664143,"remaining_time":4.036095827},
{"learn":[0.5196287475],"iteration":566,"passed_time":5.275521925,"remaining_time":4.028749548},
{"learn":[0.5195854864],"iteration":567,"passed_time":5.285558469,"remaining_time":4.020002216},
{"learn":[0.5195675694],"iteration":568,"passed_time":5.298633489,"remaining_time":4.013551905},
{"learn":[0.5195240087],"iteration":569,"passed_time":5.305927423,"remaining_time":4.002717179},
{"learn":[0.5194917987],"iteration":570,"passed_time":5.314887583,"remaining_time":3.993146713},
{"learn":[0.5194362776],"iteration":571,"passed_time":5.324361015,"remaining_time":3.983962438},
{"learn":[0.5193635336],"iteration":572,"passed_time":5.333613648,"remaining_time":3.974612614},
{"learn":[0.5193237717],"iteration":573,"passed_time":5.341167442,"remaining_time":3.964002317},
{"learn":[0.519272737],"iteration":574,"passed_time":5.351216467,"remaining_time":3.955246954},
{"learn":[0.5192246785],"iteration":575,"passed_time":5.359589635,"remaining_time":3.945253481},
{"learn":[0.5191486532],"iteration":576,"passed_time":5.368296145,"remaining_time":3.935509999},
{"learn":[0.5190726829],"iteration":577,"passed_time":5.377321497,"remaining_time":3.926002892},
{"learn":[0.5190237041],"iteration":578,"passed_time":5.38418838,"remaining_time":3.914927993},
{"learn":[0.5189906705],"iteration":579,"passed_time":5.392679109,"remaining_time":3.905043493},
{"learn":[0.5189412394],"iteration":580,"passed_time":5.399787345,"remaining_time":3.894166777},
{"learn":[0.5188751236],"iteration":581,"passed_time":5.408381009,"remaining_time":3.884369866},
{"learn":[0.5188212799],"iteration":582,"passed_time":5.415574763,"remaining_time":3.873575774},
{"learn":[0.518768931],"iteration":583,"passed_time":5.42235162,"remaining_time":3.862497045},
{"learn":[0.5187288461],"iteration":584,"passed_time":5.429622283,"remaining_time":3.851783329},
{"learn":[0.5186908935],"iteration":585,"passed_time":5.436299255,"remaining_time":3.840661931},
{"learn":[0.5185962247],"iteration":586,"passed_time":5.444239415,"remaining_time":3.830444426},
{"learn":[0.5185411314],"iteration":587,"passed_time":5.451361315,"remaining_time":3.81966133},
{"learn":[0.5184854995],"iteration":588,"passed_time":5.459319538,"remaining_time":3.809474245},
{"learn":[0.5184006025],"iteration":589,"passed_time":5.466184224,"remaining_time":3.7985348},
{"learn":[0.5183374447],"iteration":590,"passed_time":5.47378811,"remaining_time":3.788120706},
{"learn":[0.5182660178],"iteration":591,"passed_time":5.48068549,"remaining_time":3.777229189},
{"learn":[0.5182318529],"iteration":592,"passed_time":5.488536361,"remaining_time":3.767005563},
{"learn":[0.5181771799],"iteration":593,"passed_time":5.494938303,"remaining_time":3.755799581},
{"learn":[0.5181650508],"iteration":594,"passed_time":5.500964211,"remaining_time":3.744353791},
{"learn":[0.5181025323],"iteration":595,"passed_time":5.508359342,"remaining_time":3.733854319},
{"learn":[0.5180275216],"iteration":596,"passed_time":5.51465221,"remaining_time":3.722621174},
{"learn":[0.5179909444],"iteration":597,"passed_time":5.522206457,"remaining_time":3.712252502},
{"learn":[0.5179502135],"iteration":598,"passed_time":5.529308159,"remaining_time":3.70159027},
{"learn":[0.517891992],"iteration":599,"passed_time":5.538949885,"remaining_time":3.692633257},
{"learn":[0.5178336282],"iteration":600,"passed_time":5.546377509,"remaining_time":3.682204037},
{"learn":[0.5177888312],"iteration":601,"passed_time":5.554611071,"remaining_time":3.672317618},
{"learn":[0.5177421101],"iteration":602,"passed_time":5.561700246,"remaining_time":3.661683246},
{"learn":[0.5176892108],"iteration":603,"passed_time":5.568763097,"remaining_time":3.651043355},
{"learn":[0.5176280519],"iteration":604,"passed_time":5.576134806,"remaining_time":3.640616939},
{"learn":[0.5175687275],"iteration":605,"passed_time":5.582829209,"remaining_time":3.629760245},
{"learn":[0.5175159743],"iteration":606,"passed_time":5.591175459,"remaining_time":3.619986747},
{"learn":[0.517454197],"iteration":607,"passed_time":5.598027359,"remaining_time":3.609254481},
{"learn":[0.517402474],"iteration":608,"passed_time":5.609083535,"remaining_time":3.601234256},
{"learn":[0.517332254],"iteration":609,"passed_time":5.621134021,"remaining_time":3.593839784},
{"learn":[0.5172677488],"iteration":610,"passed_time":5.630864508,"remaining_time":3.584953018},
{"learn":[0.5172065907],"iteration":611,"passed_time":5.642977012,"remaining_time":3.577573661},
{"learn":[0.5171683631],"iteration":612,"passed_time":5.654773288,"remaining_time":3.569979221},
{"learn":[0.5171350969],"iteration":613,"passed_time":5.664230103,"remaining_time":3.560900358},
{"learn":[0.5170964873],"iteration":614,"passed_time":5.675718111,"remaining_time":3.553091825},
{"learn":[0.517045706],"iteration":615,"passed_time":5.686833141,"remaining_time":3.545038841},
{"learn":[0.5169826481],"iteration":616,"passed_time":5.697424115,"remaining_time":3.536650626},
{"learn":[0.5169605292],"iteration":617,"passed_time":5.709158921,"remaining_time":3.52896231},
{"learn":[0.5169030619],"iteration":618,"passed_time":5.720873475,"remaining_time":3.521248456},
{"learn":[0.5168619963],"iteration":619,"passed_time":5.731985632,"remaining_time":3.513152484},
{"learn":[0.5167762639],"iteration":620,"passed_time":5.745853859,"remaining_time":3.506728844},
{"learn":[0.5167358078],"iteration":621,"passed_time":5.757065052,"remaining_time":3.498666543},
{"learn":[0.516701892],"iteration":622,"passed_time":5.768063664,"remaining_time":3.490465491},
{"learn":[0.5166758358],"iteration":623,"passed_time":5.774798389,"remaining_time":3.479686208},
{"learn":[0.5166408223],"iteration":624,"passed_time":5.781894368,"remaining_time":3.469136621},
{"learn":[0.5165645006],"iteration":625,"passed_time":5.789051922,"remaining_time":3.458634854},
{"learn":[0.5164943518],"iteration":626,"passed_time":5.795556238,"remaining_time":3.447755146},
{"learn":[0.5164201718],"iteration":627,"passed_time":5.803772934,"remaining_time":3.437903712},
{"learn":[0.5163948306],"iteration":628,"passed_time":5.810319294,"remaining_time":3.427072271},
{"learn":[0.5163418242],"iteration":629,"passed_time":5.819243915,"remaining_time":3.417651188},
{"learn":[0.5162599951],"iteration":630,"passed_time":5.826179622,"remaining_time":3.40706859},
{"learn":[0.5162166367],"iteration":631,"passed_time":5.834708543,"remaining_time":3.397425228},
{"learn":[0.5161781777],"iteration":632,"passed_time":5.843129168,"remaining_time":3.387722598},
{"learn":[0.5161193838],"iteration":633,"passed_time":5.852006222,"remaining_time":3.378287503},
{"learn":[0.5160535542],"iteration":634,"passed_time":5.85902007,"remaining_time":3.36778319},
{"learn":[0.5160075347],"iteration":635,"passed_time":5.867792636,"remaining_time":3.358296414},
{"learn":[0.5159787149],"iteration":636,"passed_time":5.87405109,"remaining_time":3.347379192},
{"learn":[0.5158957602],"iteration":637,"passed_time":5.883003655,"remaining_time":3.338005209},
{"learn":[0.5158419333],"iteration":638,"passed_time":5.889913548,"remaining_time":3.327478546},
{"learn":[0.5157627623],"iteration":639,"passed_time":5.898320097,"remaining_time":3.317805055},
{"learn":[0.5157221187],"iteration":640,"passed_time":5.905548131,"remaining_time":3.307475474},
{"learn":[0.5156826061],"iteration":641,"passed_time":5.91302692,"remaining_time":3.297295385},
{"learn":[0.5156461266],"iteration":642,"passed_time":5.9292633,"remaining_time":3.291986},
{"learn":[0.5155743972],"iteration":643,"passed_time":5.93787813,"remaining_time":3.282429525},
{"learn":[0.515499556],"iteration":644,"passed_time":5.945607089,"remaining_time":3.272388398},
{"learn":[0.5154502634],"iteration":645,"passed_time":5.955940488,"remaining_time":3.263781629},
{"learn":[0.5153843082],"iteration":646,"passed_time":5.964982987,"remaining_time":3.254465216},
{"learn":[0.5153087223],"iteration":647,"passed_time":5.972526808,"remaining_time":3.24433555},
{"learn":[0.5152713926],"iteration":648,"passed_time":5.981361715,"remaining_time":3.234912114},
{"learn":[0.5152407881],"iteration":649,"passed_time":5.988989341,"remaining_time":3.224840415},
{"learn":[0.5152097653],"iteration":650,"passed_time":5.997238818,"remaining_time":3.215109597},
{"learn":[0.5151662175],"iteration":651,"passed_time":6.004690905,"remaining_time":3.204957722},
{"learn":[0.5151081155],"iteration":652,"passed_time":6.013004142,"remaining_time":3.195271726},
{"learn":[0.5150755791],"iteration":653,"passed_time":6.020117572,"remaining_time":3.184955168},
{"learn":[0.5149997989],"iteration":654,"passed_time":6.027899709,"remaining_time":3.17500061},
{"learn":[0.514947537],"iteration":655,"passed_time":6.035722779,"remaining_time":3.16507414},
{"learn":[0.5148748151],"iteration":656,"passed_time":6.044018239,"remaining_time":3.155400694},
{"learn":[0.5148448565],"iteration":657,"passed_time":6.052565026,"remaining_time":3.145862065},
{"learn":[0.5147999044],"iteration":658,"passed_time":6.060128079,"remaining_time":3.135817413},
{"learn":[0.5147593156],"iteration":659,"passed_time":6.067937534,"remaining_time":3.125907214},
{"learn":[0.5147274252],"iteration":660,"passed_time":6.075712273,"remaining_time":3.115985568},
{"learn":[0.5146638772],"iteration":661,"passed_time":6.084213599,"remaining_time":3.106441384},
{"learn":[0.5145975663],"iteration":662,"passed_time":6.091707957,"remaining_time":3.096388509},
{"learn":[0.5145391352],"iteration":663,"passed_time":6.100202252,"remaining_time":3.086849332},
{"learn":[0.5145117616],"iteration":664,"passed_time":6.106757286,"remaining_time":3.076336377},
{"learn":[0.5144814277],"iteration":665,"passed_time":6.115787656,"remaining_time":3.067076692},
{"learn":[0.5144084305],"iteration":666,"passed_time":6.122899113,"remaining_time":3.056859677},
{"learn":[0.5143832007],"iteration":667,"passed_time":6.131087131,"remaining_time":3.047187017},
{"learn":[0.5143547813],"iteration":668,"passed_time":6.137976316,"remaining_time":3.036876174},
{"learn":[0.5142901136],"iteration":669,"passed_time":6.147462002,"remaining_time":3.027854419},
{"learn":[0.5142365439],"iteration":670,"passed_time":6.154756514,"remaining_time":3.01775692},
{"learn":[0.5142059462],"iteration":671,"passed_time":6.163686913,"remaining_time":3.008466231},
{"learn":[0.5141781389],"iteration":672,"passed_time":6.170506411,"remaining_time":2.998150961},
{"learn":[0.5141407374],"iteration":673,"passed_time":6.180996999,"remaining_time":2.989621694},
{"learn":[0.5141142511],"iteration":674,"passed_time":6.191662248,"remaining_time":2.981170712},
{"learn":[0.5140675461],"iteration":675,"passed_time":6.202848425,"remaining_time":2.972962854},
{"learn":[0.5140080899],"iteration":676,"passed_time":6.21482674,"remaining_time":2.965124131},
{"learn":[0.513962298],"iteration":677,"passed_time":6.226165435,"remaining_time":2.956969425},
{"learn":[0.513886442],"iteration":678,"passed_time":6.236914711,"remaining_time":2.94852669},
{"learn":[0.5138516346],"iteration":679,"passed_time":6.248685366,"remaining_time":2.940557819},
{"learn":[0.5137915266],"iteration":680,"passed_time":6.260226747,"remaining_time":2.932470385},
{"learn":[0.5137456474],"iteration":681,"passed_time":6.270816227,"remaining_time":2.923928974},
{"learn":[0.5136951537],"iteration":682,"passed_time":6.28173638,"remaining_time":2.91553504},
{"learn":[0.5136380807],"iteration":683,"passed_time":6.293534407,"remaining_time":2.907539288},
{"learn":[0.5135658988],"iteration":684,"passed_time":6.308970647,"remaining_time":2.90120548},
{"learn":[0.5135318544],"iteration":685,"passed_time":6.322848795,"remaining_time":2.894131956},
{"learn":[0.5134751301],"iteration":686,"passed_time":6.333445625,"remaining_time":2.88554364},
{"learn":[0.5134200386],"iteration":687,"passed_time":6.343902412,"remaining_time":2.876885978},
{"learn":[0.5133848255],"iteration":688,"passed_time":6.350293059,"remaining_time":2.866387723},
{"learn":[0.513318916],"iteration":689,"passed_time":6.359366232,"remaining_time":2.857106568},
{"learn":[0.5133006071],"iteration":690,"passed_time":6.366975726,"remaining_time":2.84717149},
{"learn":[0.5132806615],"iteration":691,"passed_time":6.375907933,"remaining_time":2.837831855},
{"learn":[0.5131936967],"iteration":692,"passed_time":6.383051302,"remaining_time":2.827700937},
{"learn":[0.5131467423],"iteration":693,"passed_time":6.391986482,"remaining_time":2.818368679},
{"learn":[0.5131068447],"iteration":694,"passed_time":6.398829334,"remaining_time":2.808119348},
{"learn":[0.5130709472],"iteration":695,"passed_time":6.406588287,"remaining_time":2.798279942},
{"learn":[0.5130412736],"iteration":696,"passed_time":6.412975826,"remaining_time":2.787850323},
{"learn":[0.5130016833],"iteration":697,"passed_time":6.420577836,"remaining_time":2.777957746},
{"learn":[0.5129641067],"iteration":698,"passed_time":6.426838666,"remaining_time":2.76749419},
{"learn":[0.5129081119],"iteration":699,"passed_time":6.43473265,"remaining_time":2.757742564},
{"learn":[0.5128569833],"iteration":700,"passed_time":6.441326546,"remaining_time":2.747441708},
{"learn":[0.5128327159],"iteration":701,"passed_time":6.447705339,"remaining_time":2.737060101},
{"learn":[0.5127815748],"iteration":702,"passed_time":6.455209026,"remaining_time":2.727165122},
{"learn":[0.5127660306],"iteration":703,"passed_time":6.46142788,"remaining_time":2.716736722},
{"learn":[0.51272015],"iteration":704,"passed_time":6.469334697,"remaining_time":2.707026575},
{"learn":[0.5126909808],"iteration":705,"passed_time":6.475537704,"remaining_time":2.696612019},
{"learn":[0.5126388333],"iteration":706,"passed_time":6.482881485,"remaining_time":2.686682143},
{"learn":[0.512594907],"iteration":707,"passed_time":6.489276143,"remaining_time":2.676368127},
{"learn":[0.512530502],"iteration":708,"passed_time":6.495543166,"remaining_time":2.666012781},
{"learn":[0.5125154087],"iteration":709,"passed_time":6.502980283,"remaining_time":2.656146876},
{"learn":[0.5124498359],"iteration":710,"passed_time":6.510273591,"remaining_time":2.64622935},
{"learn":[0.5123980485],"iteration":711,"passed_time":6.519602107,"remaining_time":2.637142425},
{"learn":[0.5123618447],"iteration":712,"passed_time":6.526140201,"remaining_time":2.62693161},
{"learn":[0.5123202716],"iteration":713,"passed_time":6.533881378,"remaining_time":2.617212989},
{"learn":[0.5122498556],"iteration":714,"passed_time":6.540144477,"remaining_time":2.606910735},
{"learn":[0.5122087551],"iteration":715,"passed_time":6.546625682,"remaining_time":2.596706276},
{"learn":[0.5121525652],"iteration":716,"passed_time":6.553181004,"remaining_time":2.586541456},
{"learn":[0.5120938651],"iteration":717,"passed_time":6.559368095,"remaining_time":2.576242065},
{"learn":[0.5120682186],"iteration":718,"passed_time":6.567026168,"remaining_time":2.566529003},
{"learn":[0.5120061759],"iteration":719,"passed_time":6.573295131,"remaining_time":2.55628144},
{"learn":[0.5119659624],"iteration":720,"passed_time":6.580058933,"remaining_time":2.546236397},
{"learn":[0.5119379121],"iteration":721,"passed_time":6.58640149,"remaining_time":2.536038247},
{"learn":[0.5119074044],"iteration":722,"passed_time":6.592562509,"remaining_time":2.52578121},
{"learn":[0.5118564274],"iteration":723,"passed_time":6.600470459,"remaining_time":2.516201446},
{"learn":[0.5117956166],"iteration":724,"passed_time":6.606931084,"remaining_time":2.506077308},
{"learn":[0.5117471278],"iteration":725,"passed_time":6.615052222,"remaining_time":2.496589957},
{"learn":[0.5116632823],"iteration":726,"passed_time":6.621764967,"remaining_time":2.486577491},
{"learn":[0.5116032512],"iteration":727,"passed_time":6.628857894,"remaining_time":2.476716136},
{"learn":[0.5115604095],"iteration":728,"passed_time":6.635315896,"remaining_time":2.466626348},
{"learn":[0.5114955064],"iteration":729,"passed_time":6.641914709,"remaining_time":2.456598591},
{"learn":[0.5114785484],"iteration":730,"passed_time":6.649018951,"remaining_time":2.446766208},
{"learn":[0.5114100675],"iteration":731,"passed_time":6.655632914,"remaining_time":2.436761777},
{"learn":[0.5113765252],"iteration":732,"passed_time":6.663195661,"remaining_time":2.427112199},
{"learn":[0.5113395317],"iteration":733,"passed_time":6.670191015,"remaining_time":2.417262684},
{"learn":[0.5113183789],"iteration":734,"passed_time":6.676187663,"remaining_time":2.407060858},
{"learn":[0.5113012249],"iteration":735,"passed_time":6.684421758,"remaining_time":2.397673022},
{"learn":[0.5112529926],"iteration":736,"passed_time":6.691016266,"remaining_time":2.387703227},
{"learn":[0.5112121191],"iteration":737,"passed_time":6.699302458,"remaining_time":2.378343149},
{"learn":[0.5111630174],"iteration":738,"passed_time":6.705705966,"remaining_time":2.368321052},
{"learn":[0.5111382486],"iteration":739,"passed_time":6.713894088,"remaining_time":2.358935761},
{"learn":[0.5111055911],"iteration":740,"passed_time":6.723031306,"remaining_time":2.349885436},
{"learn":[0.5110696767],"iteration":741,"passed_time":6.731454469,"remaining_time":2.340586594},
{"learn":[0.5110047433],"iteration":742,"passed_time":6.749570431,"remaining_time":2.334642801},
{"learn":[0.5110030409],"iteration":743,"passed_time":6.761390762,"remaining_time":2.326500047},
{"learn":[0.5109630171],"iteration":744,"passed_time":6.784463352,"remaining_time":2.322198865},
{"learn":[0.5109263222],"iteration":745,"passed_time":6.810048303,"remaining_time":2.318702773},
{"learn":[0.5108819565],"iteration":746,"passed_time":6.832601227,"remaining_time":2.31412063},
{"learn":[0.5108471585],"iteration":747,"passed_time":6.859411634,"remaining_time":2.310924775},
{"learn":[0.5107966506],"iteration":748,"passed_time":6.88865608,"remaining_time":2.308481544},
{"learn":[0.5107775376],"iteration":749,"passed_time":6.913102282,"remaining_time":2.304367427},
{"learn":[0.5107153433],"iteration":750,"passed_time":6.926645437,"remaining_time":2.296584173},
{"learn":[0.5106550564],"iteration":751,"passed_time":6.937113793,"remaining_time":2.28777157},
{"learn":[0.5106369681],"iteration":752,"passed_time":6.946922301,"remaining_time":2.278738125},
{"learn":[0.5105903385],"iteration":753,"passed_time":6.959514794,"remaining_time":2.270610927},
{"learn":[0.5105753832],"iteration":754,"passed_time":6.973215848,"remaining_time":2.262831633},
{"learn":[0.5105152057],"iteration":755,"passed_time":6.982282421,"remaining_time":2.253540887},
{"learn":[0.5104669346],"iteration":756,"passed_time":6.992996098,"remaining_time":2.244779461},
{"learn":[0.5104322161],"iteration":757,"passed_time":7.000837268,"remaining_time":2.235095803},
{"learn":[0.5103667232],"iteration":758,"passed_time":7.010073515,"remaining_time":2.22585997},
{"learn":[0.5103063999],"iteration":759,"passed_time":7.018850651,"remaining_time":2.216479153},
{"learn":[0.5102416935],"iteration":760,"passed_time":7.031212932,"remaining_time":2.208225875},
{"learn":[0.5102127],"iteration":761,"passed_time":7.038643412,"remaining_time":2.198421433},
{"learn":[0.5101929125],"iteration":762,"passed_time":7.056973455,"remaining_time":2.192008793},
{"learn":[0.5101600722],"iteration":763,"passed_time":7.073845152,"remaining_time":2.185114471},
{"learn":[0.5100903017],"iteration":764,"passed_time":7.090537796,"remaining_time":2.178139062},
{"learn":[0.5100317458],"iteration":765,"passed_time":7.108040698,"remaining_time":2.171385801},
{"learn":[0.50999904],"iteration":766,"passed_time":7.124596656,"remaining_time":2.164316846},
{"learn":[0.5099518565],"iteration":767,"passed_time":7.141079258,"remaining_time":2.157201026},
{"learn":[0.5099227297],"iteration":768,"passed_time":7.159035447,"remaining_time":2.150503496},
{"learn":[0.5099047589],"iteration":769,"passed_time":7.179053067,"remaining_time":2.144392474},
{"learn":[0.5098668561],"iteration":770,"passed_time":7.191944926,"remaining_time":2.136128908},
{"learn":[0.509844167],"iteration":771,"passed_time":7.207610552,"remaining_time":2.128672546},
{"learn":[0.5098038255],"iteration":772,"passed_time":7.220862961,"remaining_time":2.120486277},
{"learn":[0.5097169245],"iteration":773,"passed_time":7.229802261,"remaining_time":2.111027534},
{"learn":[0.5096766191],"iteration":774,"passed_time":7.236979605,"remaining_time":2.101058595},
{"learn":[0.509672747],"iteration":775,"passed_time":7.244589879,"remaining_time":2.091221821},
{"learn":[0.5096232576],"iteration":776,"passed_time":7.251927156,"remaining_time":2.081312427},
{"learn":[0.5095865705],"iteration":777,"passed_time":7.259650408,"remaining_time":2.071519782},
{"learn":[0.509555575],"iteration":778,"passed_time":7.266662729,"remaining_time":2.061530761},
{"learn":[0.5095058114],"iteration":779,"passed_time":7.276319816,"remaining_time":2.052295333},
{"learn":[0.5094451925],"iteration":780,"passed_time":7.283124328,"remaining_time":2.042258935},
{"learn":[0.5093878955],"iteration":781,"passed_time":7.293533518,"remaining_time":2.033235687},
{"learn":[0.5093110243],"iteration":782,"passed_time":7.304802904,"remaining_time":2.024447293},
{"learn":[0.5092537399],"iteration":783,"passed_time":7.327130804,"remaining_time":2.018699303},
{"learn":[0.5092359684],"iteration":784,"passed_time":7.339425642,"remaining_time":2.010161163},
{"learn":[0.5091925645],"iteration":785,"passed_time":7.354285149,"remaining_time":2.002311733},
{"learn":[0.5091499654],"iteration":786,"passed_time":7.376618731,"remaining_time":1.996467331},
{"learn":[0.5091125769],"iteration":787,"passed_time":7.393868631,"remaining_time":1.989213388},
{"learn":[0.5090707233],"iteration":788,"passed_time":7.42630427,"remaining_time":1.985995185},
{"learn":[0.5090027076],"iteration":789,"passed_time":7.451096137,"remaining_time":1.980671125},
{"learn":[0.5089525785],"iteration":790,"passed_time":7.477652133,"remaining_time":1.975763964},
{"learn":[0.5089258451],"iteration":791,"passed_time":7.500647145,"remaining_time":1.969866927},
{"learn":[0.5088514796],"iteration":792,"passed_time":7.532490889,"remaining_time":1.966236588},
{"learn":[0.5087706635],"iteration":793,"passed_time":7.5522195,"remaining_time":1.959391961},
{"learn":[0.5087379887],"iteration":794,"passed_time":7.569095612,"remaining_time":1.951779372},
{"learn":[0.5087118314],"iteration":795,"passed_time":7.592715859,"remaining_time":1.945871904},
{"learn":[0.5086623912],"iteration":796,"passed_time":7.6063105,"remaining_time":1.937366413},
{"learn":[0.5085600746],"iteration":797,"passed_time":7.621178696,"remaining_time":1.929170547},
{"learn":[0.5085165501],"iteration":798,"passed_time":7.634539594,"remaining_time":1.920578796},
{"learn":[0.5084660588],"iteration":799,"passed_time":7.657502597,"remaining_time":1.914375649},
{"learn":[0.5084255014],"iteration":800,"passed_time":7.670219228,"remaining_time":1.905585052},
{"learn":[0.5083834437],"iteration":801,"passed_time":7.687028942,"remaining_time":1.897795175},
{"learn":[0.5083649493],"iteration":802,"passed_time":7.707411097,"remaining_time":1.89085926},
{"learn":[0.5083320866],"iteration":803,"passed_time":7.719878161,"remaining_time":1.881960348},
{"learn":[0.5083071616],"iteration":804,"passed_time":7.733241228,"remaining_time":1.873269614},
{"learn":[0.5082900402],"iteration":805,"passed_time":7.756622291,"remaining_time":1.866978566},
{"learn":[0.5082575529],"iteration":806,"passed_time":7.767437691,"remaining_time":1.857639993},
{"learn":[0.5082251993],"iteration":807,"passed_time":7.785398147,"remaining_time":1.849995599},
{"learn":[0.508178281],"iteration":808,"passed_time":7.806405992,"remaining_time":1.843045172},
{"learn":[0.5081165389],"iteration":809,"passed_time":7.819601372,"remaining_time":1.834227482},
{"learn":[0.5080528734],"iteration":810,"passed_time":7.835221849,"remaining_time":1.825964155},
{"learn":[0.5080055019],"iteration":811,"passed_time":7.854888855,"remaining_time":1.818619587},
{"learn":[0.507947069],"iteration":812,"passed_time":7.870977892,"remaining_time":1.810421729},
{"learn":[0.5078523548],"iteration":813,"passed_time":7.890072048,"remaining_time":1.802891156},
{"learn":[0.507819059],"iteration":814,"passed_time":7.906490166,"remaining_time":1.794724762},
{"learn":[0.507769443],"iteration":815,"passed_time":7.922915243,"remaining_time":1.786539712},
{"learn":[0.507694739],"iteration":816,"passed_time":7.946328712,"remaining_time":1.779899822},
{"learn":[0.5076661979],"iteration":817,"passed_time":7.961155797,"remaining_time":1.771308503},
{"learn":[0.5076407784],"iteration":818,"passed_time":7.979238035,"remaining_time":1.763421348},
{"learn":[0.5075881848],"iteration":819,"passed_time":7.99501972,"remaining_time":1.755004329},
{"learn":[0.5075454871],"iteration":820,"passed_time":8.017671402,"remaining_time":1.748067212},
{"learn":[0.5075094117],"iteration":821,"passed_time":8.03009198,"remaining_time":1.738876365},
{"learn":[0.5074700737],"iteration":822,"passed_time":8.044990549,"remaining_time":1.730210604},
{"learn":[0.5073981262],"iteration":823,"passed_time":8.075853369,"remaining_time":1.724939554},
{"learn":[0.507381643],"iteration":824,"passed_time":8.100034736,"remaining_time":1.718189186},
{"learn":[0.5073313417],"iteration":825,"passed_time":8.126368805,"remaining_time":1.711850087},
{"learn":[0.5073141971],"iteration":826,"passed_time":8.147566394,"remaining_time":1.704388133},
{"learn":[0.5072701156],"iteration":827,"passed_time":8.167573434,"remaining_time":1.696645689},
{"learn":[0.5072236419],"iteration":828,"passed_time":8.202402278,"remaining_time":1.691930989},
{"learn":[0.5072060541],"iteration":829,"passed_time":8.22584594,"remaining_time":1.684811819},
{"learn":[0.50717464],"iteration":830,"passed_time":8.249156847,"remaining_time":1.677626362},
{"learn":[0.5071419063],"iteration":831,"passed_time":8.260747616,"remaining_time":1.668035576},
{"learn":[0.5070694556],"iteration":832,"passed_time":8.275519119,"remaining_time":1.659077663},
{"learn":[0.5070149101],"iteration":833,"passed_time":8.299468053,"remaining_time":1.65193249},
{"learn":[0.5069895519],"iteration":834,"passed_time":8.317288787,"remaining_time":1.643536108},
{"learn":[0.5069486822],"iteration":835,"passed_time":8.347319175,"remaining_time":1.637512374},
{"learn":[0.5069244789],"iteration":836,"passed_time":8.371892195,"remaining_time":1.630368492},
{"learn":[0.5068643915],"iteration":837,"passed_time":8.408074332,"remaining_time":1.625427257},
{"learn":[0.5068186737],"iteration":838,"passed_time":8.435895108,"remaining_time":1.618807047},
{"learn":[0.5067836417],"iteration":839,"passed_time":8.461665724,"remaining_time":1.611745852},
{"learn":[0.5067504014],"iteration":840,"passed_time":8.475303018,"remaining_time":1.60234623},
{"learn":[0.5066895108],"iteration":841,"passed_time":8.492884605,"remaining_time":1.593676684},
{"learn":[0.5066426335],"iteration":842,"passed_time":8.505069578,"remaining_time":1.58398093},
{"learn":[0.5065974785],"iteration":843,"passed_time":8.511606311,"remaining_time":1.57323529},
{"learn":[0.5065604521],"iteration":844,"passed_time":8.519127796,"remaining_time":1.562680247},
{"learn":[0.5065085029],"iteration":845,"passed_time":8.525617239,"remaining_time":1.551944509},
{"learn":[0.5064778103],"iteration":846,"passed_time":8.53183225,"remaining_time":1.541169226},
{"learn":[0.5064404865],"iteration":847,"passed_time":8.539354822,"remaining_time":1.530639072},
{"learn":[0.5064056851],"iteration":848,"passed_time":8.548544465,"remaining_time":1.520412502},
{"learn":[0.5063695962],"iteration":849,"passed_time":8.558672824,"remaining_time":1.510354028},
{"learn":[0.5063263414],"iteration":850,"passed_time":8.569253896,"remaining_time":1.500374654},
{"learn":[0.5062431301],"iteration":851,"passed_time":8.57866074,"remaining_time":1.490189894},
{"learn":[0.5062086302],"iteration":852,"passed_time":8.588255144,"remaining_time":1.48003928},
{"learn":[0.5061755042],"iteration":853,"passed_time":8.597637316,"remaining_time":1.469853686},
{"learn":[0.5061485258],"iteration":854,"passed_time":8.606615827,"remaining_time":1.459601514},
{"learn":[0.506094789],"iteration":855,"passed_time":8.616800327,"remaining_time":1.449555195},
{"learn":[0.5060295765],"iteration":856,"passed_time":8.626229408,"remaining_time":1.439382503},
{"learn":[0.5059769036],"iteration":857,"passed_time":8.638658097,"remaining_time":1.429707983},
{"learn":[0.5059600594],"iteration":858,"passed_time":8.649118428,"remaining_time":1.419703956},
{"learn":[0.505899561],"iteration":859,"passed_time":8.659506359,"remaining_time":1.409687082},
{"learn":[0.5058717983],"iteration":860,"passed_time":8.669627391,"remaining_time":1.399626257},
{"learn":[0.5058585382],"iteration":861,"passed_time":8.678720832,"remaining_time":1.389400783},
{"learn":[0.5058000349],"iteration":862,"passed_time":8.690060432,"remaining_time":1.379534507},
{"learn":[0.5057392654],"iteration":863,"passed_time":8.70132627,"remaining_time":1.369653209},
{"learn":[0.5057327215],"iteration":864,"passed_time":8.707655036,"remaining_time":1.358998185},
{"learn":[0.5057005126],"iteration":865,"passed_time":8.715048707,"remaining_time":1.348517929},
{"learn":[0.505672298],"iteration":866,"passed_time":8.721707798,"remaining_time":1.337932107},
{"learn":[0.5056451041],"iteration":867,"passed_time":8.727949722,"remaining_time":1.327291893},
{"learn":[0.5056286126],"iteration":868,"passed_time":8.735720146,"remaining_time":1.31689222},
{"learn":[0.5055975359],"iteration":869,"passed_time":8.742094018,"remaining_time":1.306289911},
{"learn":[0.5055621958],"iteration":870,"passed_time":8.749848861,"remaining_time":1.295901841},
{"learn":[0.5054889105],"iteration":871,"passed_time":8.756500458,"remaining_time":1.285357865},
{"learn":[0.5054392122],"iteration":872,"passed_time":8.764216003,"remaining_time":1.274977586},
{"learn":[0.5053720021],"iteration":873,"passed_time":8.772687095,"remaining_time":1.264712327},
{"learn":[0.5053143346],"iteration":874,"passed_time":8.780076016,"remaining_time":1.254296574},
{"learn":[0.5052670941],"iteration":875,"passed_time":8.786968566,"remaining_time":1.243817468},
{"learn":[0.5052424911],"iteration":876,"passed_time":8.793247361,"remaining_time":1.233260462},
{"learn":[0.5051845508],"iteration":877,"passed_time":8.801055952,"remaining_time":1.22292577},
{"learn":[0.5051355938],"iteration":878,"passed_time":8.807397302,"remaining_time":1.21239485},
{"learn":[0.5050723325],"iteration":879,"passed_time":8.815724494,"remaining_time":1.202144249},
{"learn":[0.5050418837],"iteration":880,"passed_time":8.822329557,"remaining_time":1.1916654},
{"learn":[0.5049903351],"iteration":881,"passed_time":8.830592794,"remaining_time":1.181417176},
{"learn":[0.5049501701],"iteration":882,"passed_time":8.837675531,"remaining_time":1.17101703},
{"learn":[0.5048939191],"iteration":883,"passed_time":8.845621096,"remaining_time":1.16073761},
{"learn":[0.5048236671],"iteration":884,"passed_time":8.852383951,"remaining_time":1.150309779},
{"learn":[0.5047784958],"iteration":885,"passed_time":8.858776914,"remaining_time":1.139842628},
{"learn":[0.5047469067],"iteration":886,"passed_time":8.868446904,"remaining_time":1.129802142},
{"learn":[0.5046887933],"iteration":887,"passed_time":8.877748483,"remaining_time":1.119716025},
{"learn":[0.5046611999],"iteration":888,"passed_time":8.887972031,"remaining_time":1.109746789},
{"learn":[0.504643502],"iteration":889,"passed_time":8.898110732,"remaining_time":1.099766495},
{"learn":[0.5045748818],"iteration":890,"passed_time":8.908048042,"remaining_time":1.089761208},
{"learn":[0.5045258261],"iteration":891,"passed_time":8.918690456,"remaining_time":1.079841445},
{"learn":[0.5044939913],"iteration":892,"passed_time":8.92965726,"remaining_time":1.069958933},
{"learn":[0.5044751655],"iteration":893,"passed_time":8.939259429,"remaining_time":1.059912192},
{"learn":[0.5044419777],"iteration":894,"passed_time":8.950345273,"remaining_time":1.050040507},
{"learn":[0.5043772303],"iteration":895,"passed_time":8.960677856,"remaining_time":1.04007868},
{"learn":[0.5043434907],"iteration":896,"passed_time":8.970703609,"remaining_time":1.030080793},
{"learn":[0.5043117717],"iteration":897,"passed_time":8.981232804,"remaining_time":1.020140029},
{"learn":[0.5042493022],"iteration":898,"passed_time":8.99073764,"remaining_time":1.010082872},
{"learn":[0.5042050976],"iteration":899,"passed_time":9.001267088,"remaining_time":1.000140788},
{"learn":[0.5041877078],"iteration":900,"passed_time":9.01237771,"remaining_time":0.9902612578},
{"learn":[0.5041369883],"iteration":901,"passed_time":9.02306489,"remaining_time":0.9803329925},
{"learn":[0.5040926757],"iteration":902,"passed_time":9.031455697,"remaining_time":0.9701563705},
{"learn":[0.5040576042],"iteration":903,"passed_time":9.037703614,"remaining_time":0.959756136},
{"learn":[0.5040462564],"iteration":904,"passed_time":9.045693103,"remaining_time":0.9495478948},
{"learn":[0.5039908574],"iteration":905,"passed_time":9.052497677,"remaining_time":0.9392216133},
{"learn":[0.5039581765],"iteration":906,"passed_time":9.06106533,"remaining_time":0.9290838762},
{"learn":[0.5039149049],"iteration":907,"passed_time":9.067689938,"remaining_time":0.918752725},
{"learn":[0.5038961653],"iteration":908,"passed_time":9.075947063,"remaining_time":0.9085931603},
{"learn":[0.5038752007],"iteration":909,"passed_time":9.082672293,"remaining_time":0.8982862708},
{"learn":[0.5038130189],"iteration":910,"passed_time":9.092302473,"remaining_time":0.8882710429},
{"learn":[0.503731359],"iteration":911,"passed_time":9.099893495,"remaining_time":0.8780598987},
{"learn":[0.5036852707],"iteration":912,"passed_time":9.108767224,"remaining_time":0.8679767234},
{"learn":[0.5036365418],"iteration":913,"passed_time":9.115306009,"remaining_time":0.8576764954},
{"learn":[0.5035843913],"iteration":914,"passed_time":9.123043298,"remaining_time":0.8474958255},
{"learn":[0.5035573631],"iteration":915,"passed_time":9.129742671,"remaining_time":0.8372253104},
{"learn":[0.5035305723],"iteration":916,"passed_time":9.136380014,"remaining_time":0.8269569697},
{"learn":[0.5035117258],"iteration":917,"passed_time":9.145306056,"remaining_time":0.8169009767},
{"learn":[0.5034892585],"iteration":918,"passed_time":9.152333898,"remaining_time":0.8066801369},
{"learn":[0.5034270892],"iteration":919,"passed_time":9.160703824,"remaining_time":0.7965829412},
{"learn":[0.5033910139],"iteration":920,"passed_time":9.166911021,"remaining_time":0.7863039855},
{"learn":[0.5033579084],"iteration":921,"passed_time":9.175795932,"remaining_time":0.7762603934},
{"learn":[0.5033276103],"iteration":922,"passed_time":9.182388337,"remaining_time":0.7660280628},
{"learn":[0.5032743123],"iteration":923,"passed_time":9.192408082,"remaining_time":0.7560855132},
{"learn":[0.5032177486],"iteration":924,"passed_time":9.202322991,"remaining_time":0.7461342966},
{"learn":[0.5031797225],"iteration":925,"passed_time":9.213720436,"remaining_time":0.7363016331},
{"learn":[0.5031521805],"iteration":926,"passed_time":9.225783666,"remaining_time":0.7265180233},
{"learn":[0.5031376528],"iteration":927,"passed_time":9.236427397,"remaining_time":0.716619367},
{"learn":[0.5030563664],"iteration":928,"passed_time":9.247744253,"remaining_time":0.7067705511},
{"learn":[0.5030234453],"iteration":929,"passed_time":9.258922363,"remaining_time":0.6969081348},
{"learn":[0.5029813413],"iteration":930,"passed_time":9.269802394,"remaining_time":0.6870208004},
{"learn":[0.502934293],"iteration":931,"passed_time":9.282375182,"remaining_time":0.6772548416},
{"learn":[0.5028956227],"iteration":932,"passed_time":9.294785658,"remaining_time":0.6674712102},
{"learn":[0.5028500324],"iteration":933,"passed_time":9.313771251,"remaining_time":0.6581465766},
{"learn":[0.5028151299],"iteration":934,"passed_time":9.326903219,"remaining_time":0.6483943414},
{"learn":[0.5028047783],"iteration":935,"passed_time":9.340840911,"remaining_time":0.6386899769},
{"learn":[0.5027692806],"iteration":936,"passed_time":9.353168972,"remaining_time":0.6288683514},
{"learn":[0.5027569603],"iteration":937,"passed_time":9.361305111,"remaining_time":0.6187643037},
{"learn":[0.5027225644],"iteration":938,"passed_time":9.371094247,"remaining_time":0.6087718307},
{"learn":[0.5026811818],"iteration":939,"passed_time":9.378475844,"remaining_time":0.5986261177},
{"learn":[0.5026386696],"iteration":940,"passed_time":9.387357386,"remaining_time":0.588580325},
{"learn":[0.5026052928],"iteration":941,"passed_time":9.394457194,"remaining_time":0.5784273007},
{"learn":[0.5025423899],"iteration":942,"passed_time":9.404065084,"remaining_time":0.5684323539},
{"learn":[0.5025199738],"iteration":943,"passed_time":9.410863758,"remaining_time":0.5582715788},
{"learn":[0.5024792414],"iteration":944,"passed_time":9.419169906,"remaining_time":0.5482056559},
{"learn":[0.5024517949],"iteration":945,"passed_time":9.427192981,"remaining_time":0.5381272949},
{"learn":[0.5024090275],"iteration":946,"passed_time":9.436095454,"remaining_time":0.5281024911},
{"learn":[0.5023919272],"iteration":947,"passed_time":9.443222823,"remaining_time":0.5179826865},
{"learn":[0.5023478766],"iteration":948,"passed_time":9.451799653,"remaining_time":0.5079470836},
{"learn":[0.5023385639],"iteration":949,"passed_time":9.459116165,"remaining_time":0.4978482192},
{"learn":[0.5022750983],"iteration":950,"passed_time":9.469595421,"remaining_time":0.4879181658},
{"learn":[0.5022566151],"iteration":951,"passed_time":9.477135889,"remaining_time":0.4778387843},
{"learn":[0.5022039856],"iteration":952,"passed_time":9.486118453,"remaining_time":0.4678358523},
{"learn":[0.5021716514],"iteration":953,"passed_time":9.492730571,"remaining_time":0.4577207613},
{"learn":[0.5021287903],"iteration":954,"passed_time":9.501774447,"remaining_time":0.4477275918},
{"learn":[0.5021143871],"iteration":955,"passed_time":9.508759027,"remaining_time":0.4376416289},
{"learn":[0.5020680585],"iteration":956,"passed_time":9.517299576,"remaining_time":0.4276320604},
{"learn":[0.5020204197],"iteration":957,"passed_time":9.524595291,"remaining_time":0.4175709835},
{"learn":[0.5019752119],"iteration":958,"passed_time":9.532986328,"remaining_time":0.407562502},
{"learn":[0.5019303907],"iteration":959,"passed_time":9.539744957,"remaining_time":0.3974893732},
{"learn":[0.5018890611],"iteration":960,"passed_time":9.548115441,"remaining_time":0.3874885559},
{"learn":[0.5018682711],"iteration":961,"passed_time":9.555170087,"remaining_time":0.3774391511},
{"learn":[0.5018448159],"iteration":962,"passed_time":9.562600993,"remaining_time":0.3674104224},
{"learn":[0.5017925403],"iteration":963,"passed_time":9.56989664,"remaining_time":0.3573820322},
{"learn":[0.5017683354],"iteration":964,"passed_time":9.576869092,"remaining_time":0.3473475836},
{"learn":[0.5017375156],"iteration":965,"passed_time":9.584302207,"remaining_time":0.3373356885},
{"learn":[0.5016978003],"iteration":966,"passed_time":9.591229154,"remaining_time":0.3273118533},
{"learn":[0.5016162518],"iteration":967,"passed_time":9.604015253,"remaining_time":0.3174881076},
{"learn":[0.5015477738],"iteration":968,"passed_time":9.620243329,"remaining_time":0.3077683624},
{"learn":[0.5015289534],"iteration":969,"passed_time":9.633558387,"remaining_time":0.2979451048},
{"learn":[0.5014894563],"iteration":970,"passed_time":9.647695679,"remaining_time":0.2881392118},
{"learn":[0.5014451039],"iteration":971,"passed_time":9.661390953,"remaining_time":0.2783116735},
{"learn":[0.5014148931],"iteration":972,"passed_time":9.673944838,"remaining_time":0.2684445125},
{"learn":[0.5013545102],"iteration":973,"passed_time":9.686662717,"remaining_time":0.2585762121},
{"learn":[0.5013025669],"iteration":974,"passed_time":9.699974963,"remaining_time":0.2487173067},
{"learn":[0.5012771005],"iteration":975,"passed_time":9.711868319,"remaining_time":0.2388164341},
{"learn":[0.501222275],"iteration":976,"passed_time":9.724760354,"remaining_time":0.228934993},
{"learn":[0.5011663907],"iteration":977,"passed_time":9.737879432,"remaining_time":0.2190525026},
{"learn":[0.5011626869],"iteration":978,"passed_time":9.749702641,"remaining_time":0.2091356031},
{"learn":[0.5011422769],"iteration":979,"passed_time":9.762265207,"remaining_time":0.1992299022},
{"learn":[0.5011200136],"iteration":980,"passed_time":9.771009653,"remaining_time":0.1892448353},
{"learn":[0.5010966915],"iteration":981,"passed_time":9.782122153,"remaining_time":0.1793057014},
{"learn":[0.501068653],"iteration":982,"passed_time":9.789459715,"remaining_time":0.1692988964},
{"learn":[0.5010478795],"iteration":983,"passed_time":9.797531157,"remaining_time":0.1593094497},
{"learn":[0.5009822446],"iteration":984,"passed_time":9.80488372,"remaining_time":0.14931295},
{"learn":[0.5009578597],"iteration":985,"passed_time":9.813359203,"remaining_time":0.1393377574},
{"learn":[0.5009236028],"iteration":986,"passed_time":9.820634401,"remaining_time":0.1293497945},
{"learn":[0.5009029114],"iteration":987,"passed_time":9.829350576,"remaining_time":0.1193848248},
{"learn":[0.5008665558],"iteration":988,"passed_time":9.836734192,"remaining_time":0.1094075593},
{"learn":[0.5008339985],"iteration":989,"passed_time":9.845208625,"remaining_time":0.09944655177},
{"learn":[0.5008037917],"iteration":990,"passed_time":9.852346992,"remaining_time":0.08947641062},
{"learn":[0.5007307385],"iteration":991,"passed_time":9.861582636,"remaining_time":0.07952889222},
{"learn":[0.5007073333],"iteration":992,"passed_time":9.868713421,"remaining_time":0.06956796974},
{"learn":[0.5006801644],"iteration":993,"passed_time":9.877840501,"remaining_time":0.05962479176},
{"learn":[0.5006010932],"iteration":994,"passed_time":9.884750979,"remaining_time":0.04967211547},
{"learn":[0.5005674156],"iteration":995,"passed_time":9.894258578,"remaining_time":0.03973597822},
{"learn":[0.5005348075],"iteration":996,"passed_time":9.900939201,"remaining_time":0.02979219419},
{"learn":[0.5004786765],"iteration":997,"passed_time":9.910393047,"remaining_time":0.01986050711},
{"learn":[0.5004640052],"iteration":998,"passed_time":9.917114344,"remaining_time":0.009927041386},
{"learn":[0.5004030915],"iteration":999,"passed_time":9.926861793,"remaining_time":0}
]}